date,open,high,low,adjClose,value,volume,count,yesterday,close
2020-07-04,141111.0,141111.0,127672.0,136623.0,654408814379,3570897,5902,134391.0,131694.0
2020-07-05,134192.0,143455.0,131694.0,142007.0,756470819070,3971323,3982,136623.0,143455.0
2020-07-06,149027.0,149107.0,143883.0,149053.0,537712393366,2689455,2345,142007.0,149107.0
2020-07-07,155662.0,156505.0,147089.0,154909.0,557015519004,2680680,4913,149053.0,156505.0
2020-07-08,162036.0,162036.0,147163.0,151104.0,691549747707,3411924,5346,154909.0,147163.0
2020-07-11,143549.0,149102.0,143549.0,144127.0,477406295003,2469427,3287,151104.0,145523.0
2020-07-12,144457.0,151333.0,137174.0,149686.0,909280972676,4528679,4725,144127.0,143137.0
2020-07-13,142201.0,145374.0,142201.0,142418.0,367261772387,1922483,2925,149686.0,142201.0
2020-07-14,142392.0,144629.0,135298.0,137070.0,585962391715,3186994,3002,142418.0,135298.0
2020-07-15,130217.0,131135.0,130217.0,130234.0,723425378120,4141141,3358,137070.0,130217.0
2020-07-18,129644.0,136726.0,123723.0,131441.0,471933914769,2676717,4971,130234.0,132701.0
2020-07-19,137099.0,138013.0,134192.0,137208.0,661429425624,3593825,3757,131441.0,138013.0
2020-07-20,142392.0,144068.0,140432.0,143915.0,880820109687,4562836,4025,137208.0,144067.0
2020-07-21,143883.0,149475.0,136719.0,140938.0,473624638907,2505291,3844,143915.0,137174.0
2020-07-22,136727.0,143883.0,133892.0,136213.0,406998268054,2227554,3001,140938.0,137942.0
2020-07-25,135012.0,143023.0,135012.0,142239.0,433040022716,2269656,3086,136213.0,140156.0
2020-07-26,140685.0,142392.0,135128.0,135946.0,530406366946,2908685,2234,142239.0,135128.0
2020-07-27,130539.0,135683.0,129149.0,131244.0,547750639526,3111415,3493,135946.0,133073.0
2020-07-28,132738.0,137174.0,126742.0,133442.0,305782336637,1708332,3357,131244.0,131135.0
2020-07-29,133170.0,133431.0,126771.0,127964.0,418434940251,2437785,2813,133442.0,130613.0
2020-08-01,129197.0,134192.0,128675.0,133178.0,181550051144,1016292,2325,127964.0,134169.0
2020-08-02,139559.0,139837.0,134939.0,139635.0,880134790926,4699003,2565,133178.0,139837.0
2020-08-03,146617.0,146612.0,139929.0,143370.0,575430964255,2992194,2180,139635.0,140156.0
2020-08-04,140156.0,148751.0,137934.0,144240.0,358378525578,1852284,3141,143370.0,141162.0
2020-08-05,143883.0,144405.0,137099.0,138886.0,318216186943,1708115,2800,144240.0,139410.0
2020-08-09,134997.0,138873.0,132067.0,134839.0,507992954139,2808645,4074,138886.0,132179.0
2020-08-10,131942.0,131955.0,128097.0,128813.0,652335905561,3775424,3458,134839.0,128097.0
2020-08-11,123754.0,123754.0,122372.0,122706.0,357506508635,2172054,1644,128813.0,122372.0
2020-08-12,124209.0,126662.0,116572.0,121903.0,239527696257,1464853,2041,122706.0,126512.0
2020-08-15,127035.0,127035.0,115809.0,117843.0,167830636960,1061748,1521,121903.0,115809.0
2020-08-16,111953.0,116672.0,111951.0,112371.0,267700479738,1776020,1834,117843.0,112125.0
2020-08-17,113466.0,117989.0,109590.0,113563.0,403680892020,2650050,2467,112371.0,117989.0
2020-08-18,119241.0,119241.0,114580.0,118885.0,256218017118,1606706,2128,113563.0,117134.0
2020-08-19,115554.0,115554.0,112941.0,116359.0,40918504518,269587,784,118885.0,112941.0
2020-08-22,115554.0,120400.0,110541.0,112998.0,149369848115,985477,1594,116359.0,111819.0
2020-08-23,108844.0,111521.0,107348.0,107549.0,117865201804,817021,546,112998.0,107348.0
2020-08-24,104856.0,107353.0,102171.0,102980.0,190974550993,1382528,835,107549.0,102171.0
2020-08-25,102880.0,108129.0,102880.0,107939.0,523628337886,3616588,2005,102980.0,108129.0
2020-08-26,111752.0,113335.0,108844.0,113185.0,478817947690,3153812,1992,107939.0,113335.0
2020-08-31,116672.0,116672.0,107526.0,108633.0,499552614041,3428244,2356,113185.0,107526.0
2020-09-01,108099.0,108100.0,103202.0,103858.0,263836421612,1893867,759,108633.0,103202.0
2020-09-02,98676.0,108993.0,98674.0,100389.0,1046950213526,7774874,3164,103858.0,108099.0
2020-09-05,105408.0,105408.0,105408.0,102337.0,40753263870,288233,311,100389.0,105408.0
2020-09-06,107453.0,107453.0,107453.0,107453.0,620698225198,4306397,546,102337.0,107453.0
2020-09-07,102880.0,109590.0,102083.0,104933.0,491488464787,3491828,2850,107453.0,105266.0
2020-09-08,104371.0,110180.0,99687.0,101509.0,844377635902,6201298,3440,104933.0,103566.0
2020-09-09,105713.0,106585.0,103626.0,106453.0,279641679455,1958372,911,101509.0,106585.0
2020-09-12,111776.0,111776.0,111776.0,107459.0,19838402512,132316,194,106453.0,111776.0
2020-09-13,112832.0,112832.0,112832.0,108781.0,26076978653,172297,308,107459.0,112832.0
2020-09-14,114219.0,114219.0,114219.0,110967.0,43117890300,281430,150,108781.0,114219.0
2020-09-15,116515.0,116515.0,116515.0,113765.0,55204400580,353220,167,110967.0,116515.0
2020-09-16,119454.0,119454.0,119454.0,119454.0,112778429119,703849,313,113765.0,119454.0
2020-09-19,125426.0,125426.0,125426.0,122861.0,59893815516,355998,348,119454.0,125426.0
2020-09-20,129004.0,129004.0,129004.0,129004.0,264561346654,1528894,869,122861.0,129004.0
2020-09-21,133419.0,135454.0,129346.0,133488.0,3874592016542,21639037,11850,129004.0,135454.0
2020-09-22,135689.0,138665.0,127482.0,134254.0,2393002720291,13288234,12863,133488.0,135188.0
2020-09-23,136055.0,138202.0,128817.0,134346.0,1012253563182,5617180,8172,134254.0,131918.0
2020-09-26,136428.0,138292.0,131210.0,134926.0,779215163071,4305419,5139,134346.0,136279.0
2020-09-27,136055.0,136055.0,128180.0,128735.0,306192897074,1773168,1168,134926.0,128180.0
2020-09-28,122299.0,130464.0,122299.0,123955.0,801792415796,4822252,3006,128735.0,129346.0
2020-09-29,125618.0,130152.0,125246.0,129412.0,763929208171,4400803,3775,123955.0,130152.0
2020-09-30,135882.0,135882.0,132702.0,135422.0,489388184084,2694121,2831,129412.0,135882.0
2020-10-03,139410.0,141647.0,132999.0,137860.0,661378525458,3576541,7241,135422.0,133893.0
2020-10-04,132112.0,138799.0,130967.0,132990.0,1106394373272,6202184,4776,137860.0,130967.0
2020-10-05,127109.0,130464.0,126341.0,126857.0,363892784692,2138510,2826,132990.0,126341.0
2020-10-06,133200.0,133200.0,126341.0,129672.0,52675289706,297346,479,126857.0,132551.0
2020-10-07,132850.0,135608.0,126737.0,130568.0,388382668811,2217565,3025,129672.0,130576.0
2020-10-10,126744.0,131955.0,124873.0,128362.0,183600637852,1066330,2262,130568.0,127855.0
2020-10-11,130464.0,134780.0,128362.0,133640.0,429979617813,2398636,3231,128362.0,129719.0
2020-10-12,128831.0,133640.0,126958.0,128519.0,352646478883,2045623,2277,133640.0,132253.0
2020-10-13,131731.0,132179.0,125618.0,129739.0,262243838798,1506914,1830,128519.0,130464.0
2020-10-14,130464.0,132395.0,127072.0,128659.0,139994054198,811190,1312,129739.0,128667.0
2020-10-18,125991.0,126737.0,122227.0,122765.0,169404031712,1028727,980,128659.0,122227.0
2020-10-19,116627.0,122263.0,116627.0,116753.0,415681942342,2654277,1876,122765.0,116627.0
2020-10-20,110915.0,120772.0,110915.0,113121.0,327918996470,2161122,2389,116753.0,116821.0
2020-10-21,118461.0,118776.0,113344.0,117725.0,219323439297,1388895,1918,113121.0,117037.0
2020-10-24,114063.0,117716.0,111839.0,112148.0,320406988289,2129916,1460,117725.0,111839.0
2020-10-26,106682.0,114734.0,106541.0,110117.0,342358226114,2317814,2488,112148.0,114540.0
2020-10-27,114801.0,114801.0,105862.0,109815.0,184980586823,1255788,1906,110117.0,111826.0
2020-10-28,109105.0,115306.0,109105.0,113811.0,431203897797,2824559,2751,109815.0,115306.0
2020-10-31,117790.0,119498.0,113996.0,117329.0,215158048734,1367117,2206,113811.0,115927.0
2020-11-01,116672.0,118834.0,112572.0,115360.0,159569011642,1031204,1469,117329.0,112573.0
2020-11-02,112497.0,117776.0,110326.0,113627.0,181737501609,1192386,1824,115360.0,112572.0
2020-11-04,119281.0,119308.0,116001.0,119270.0,324976718432,2031313,796,113627.0,119308.0
2020-11-07,113306.0,113306.0,113306.0,113306.0,281513608310,1852246,332,119270.0,113306.0
2020-11-08,107641.0,108404.0,107641.0,107642.0,178732035364,1237867,738,113306.0,107641.0
2020-11-09,107643.0,113024.0,103141.0,107572.0,244953066143,1697597,1981,107642.0,113024.0
2020-11-10,112951.0,112951.0,108844.0,112756.0,447150580778,2956423,2250,107572.0,112951.0
2020-11-11,114361.0,118036.0,112758.0,115571.0,192333170453,1240671,2318,112756.0,117119.0
2020-11-14,117880.0,121349.0,117127.0,121265.0,350524893395,2154945,1385,115571.0,121349.0
2020-11-15,126737.0,126737.0,118238.0,121236.0,280455923598,1724586,3082,121265.0,119282.0
2020-11-16,119952.0,124649.0,116301.0,122374.0,178802212137,1089274,1727,121236.0,121525.0
2020-11-17,122375.0,127298.0,121145.0,123916.0,217163467302,1306513,2206,122374.0,124500.0
2020-11-18,128749.0,128749.0,124127.0,126100.0,327318882083,1935125,2544,123916.0,126737.0
2020-11-21,129644.0,129644.0,123844.0,126691.0,306032017212,1800834,2020,126100.0,124947.0
2020-11-22,124947.0,132701.0,122263.0,128142.0,199710147944,1161880,1843,126691.0,128190.0
2020-11-23,130463.0,131933.0,125246.0,127985.0,176470271513,1027932,1942,128142.0,127855.0
2020-11-24,126072.0,129719.0,121587.0,123793.0,324015886566,1951295,2336,127985.0,123009.0
2020-11-25,126737.0,129982.0,123754.0,128600.0,363522765403,2107392,2726,123793.0,129982.0
2020-11-28,128601.0,135029.0,128600.0,134767.0,605637946673,3350283,2450,128600.0,135029.0
2020-11-29,140901.0,141505.0,136801.0,140472.0,658597420115,3495292,4529,134767.0,141505.0
2020-11-30,144453.0,144453.0,137994.0,140329.0,477938040491,2539083,4581,140472.0,138776.0
2020-12-01,134348.0,142019.0,134348.0,138549.0,409483501379,2203359,3223,140329.0,138590.0
2020-12-02,139179.0,139179.0,134937.0,137540.0,239994048617,1300845,2295,138549.0,136875.0
2020-12-05,137174.0,143883.0,136950.0,141958.0,193471050619,1016033,2418,137540.0,143257.0
2020-12-06,143891.0,149056.0,143212.0,147011.0,346788001097,1758599,2993,141958.0,145374.0
2020-12-07,145367.0,147313.0,140156.0,143228.0,277325401168,1443492,2701,147011.0,140379.0
2020-12-08,140156.0,144927.0,139412.0,141781.0,144342070499,758976,1840,143228.0,140678.0
2020-12-09,137919.0,143123.0,134788.0,138369.0,196151381435,1056835,2060,141781.0,138293.0
2020-12-12,141647.0,145287.0,141577.0,145173.0,1026034544082,5269022,3439,138369.0,145287.0
2020-12-13,145486.0,148871.0,143883.0,146303.0,445373464485,2269467,3224,145173.0,146261.0
2020-12-14,147193.0,147193.0,138988.0,140109.0,604955634186,3218909,2654,146303.0,139037.0
2020-12-15,134192.0,137174.0,133105.0,133727.0,443768135536,2473939,2791,140109.0,135757.0
2020-12-16,131955.0,140413.0,131955.0,138666.0,606698281375,3261788,2372,133727.0,140413.0
2020-12-19,145599.0,145599.0,145599.0,145599.0,193871217548,992674,466,138666.0,145599.0
2020-12-20,152879.0,152879.0,152879.0,152879.0,289281454756,1410668,840,145599.0,152879.0
2020-12-21,160523.0,160523.0,156558.0,160411.0,2958132835592,13747903,7605,152879.0,158383.0
2020-12-22,156557.0,168431.0,156557.0,164957.0,1125255419225,5085475,6544,160411.0,165503.0
2020-12-23,170722.0,173205.0,161775.0,170520.0,727800472731,3181917,5118,164957.0,173205.0
2020-12-26,176686.0,179041.0,167740.0,174048.0,511287597203,2190023,5310,170520.0,168895.0
2020-12-27,166621.0,177319.0,166248.0,169651.0,368529883782,1619456,3698,174048.0,169627.0
2020-12-28,166636.0,173331.0,166621.0,170850.0,267207798808,1165972,2347,169651.0,169976.0
2020-12-29,169089.0,172287.0,164012.0,167687.0,246448871679,1095674,2048,170850.0,165503.0
2020-12-30,162373.0,171467.0,162305.0,162962.0,258750189790,1183717,1897,167687.0,162521.0
2021-01-02,155066.0,159539.0,154814.0,155057.0,556771943799,2676944,2328,162962.0,155476.0
2021-01-03,154246.0,162809.0,150585.0,161754.0,417021200622,1922016,2721,155057.0,162809.0
2021-01-04,164892.0,169231.0,163371.0,166149.0,170916359512,766901,2125,161754.0,165205.0
2021-01-05,161776.0,165205.0,160284.0,161342.0,169134061454,781511,1750,166149.0,161104.0
2021-01-06,158048.0,168112.0,153321.0,161259.0,359228027682,1660736,2342,161342.0,164012.0
2021-01-09,167710.0,167710.0,153426.0,157400.0,308430269480,1460849,2306,161259.0,154982.0
2021-01-10,153658.0,160284.0,153658.0,156571.0,346755172357,1651069,1897,157400.0,156337.0
2021-01-11,153576.0,158786.0,149475.0,154228.0,165289425192,798979,1480,156571.0,150593.0
2021-01-12,149478.0,153575.0,146517.0,147573.0,348998383033,1763064,1839,154228.0,146518.0
2021-01-13,140528.0,145807.0,140312.0,142350.0,228321862953,1195761,1696,147573.0,140379.0
2021-01-16,135273.0,140070.0,135232.0,135320.0,202453256241,1115361,705,142350.0,135232.0
2021-01-18,128555.0,132326.0,128555.0,128608.0,781161750656,4528191,2007,135320.0,128555.0
2021-01-19,127482.0,135039.0,127482.0,134828.0,771811727445,4267587,2642,128608.0,135039.0
2021-01-20,137919.0,141569.0,136436.0,141174.0,177156005208,935521,864,134828.0,141569.0
2021-01-23,147984.0,148233.0,144263.0,148103.0,361895999867,1821683,1703,141174.0,148233.0
2021-01-24,152829.0,155066.0,140698.0,145404.0,485156892491,2487470,3574,148103.0,142095.0
2021-01-25,139411.0,149101.0,138188.0,142545.0,165634800391,866267,1617,145404.0,141460.0
2021-01-26,140901.0,143883.0,135683.0,138817.0,175808247965,944172,1441,142545.0,136428.0
2021-01-27,138665.0,143883.0,134192.0,139714.0,106355429433,567508,1183,138817.0,140909.0
2021-01-30,140156.0,146700.0,140156.0,146604.0,239773086208,1219294,1433,139714.0,146700.0
2021-01-31,149154.0,152084.0,139274.0,143103.0,131762856447,686432,1478,146604.0,143168.0
2021-02-01,140536.0,146856.0,138068.0,142467.0,89525117974,468761,1153,143103.0,140305.0
2021-02-02,141632.0,144919.0,135683.0,138530.0,134106885176,721708,1165,142467.0,139410.0
2021-02-03,141468.0,141468.0,131604.0,133596.0,141714941657,790816,1820,138530.0,131627.0
2021-02-06,135310.0,135310.0,128004.0,131016.0,161767219484,920489,1498,133596.0,132059.0
2021-02-07,137546.0,137567.0,134192.0,137544.0,159316647292,863518,534,131016.0,137567.0
2021-02-08,144421.0,144421.0,133483.0,140405.0,167111894961,887315,1610,137544.0,141274.0
2021-02-09,141632.0,146336.0,138367.0,143858.0,92337800501,476562,1229,140405.0,144405.0
2021-02-13,146999.0,152457.0,146999.0,150395.0,200245586451,992616,1739,143858.0,151338.0
2021-02-14,153933.0,153933.0,147388.0,148057.0,157843069554,794784,2496,150395.0,147388.0
2021-02-15,146567.0,148356.0,145097.0,145255.0,158750894031,814777,905,148057.0,145097.0
2021-02-16,147238.0,147238.0,142350.0,142375.0,131555981392,688859,658,145255.0,142385.0
2021-02-17,140572.0,144174.0,139970.0,141644.0,82360183777,433917,835,142375.0,143808.0
2021-02-20,142390.0,144174.0,140156.0,140502.0,102571895857,544248,896,141644.0,141274.0
2021-02-21,139939.0,139969.0,137693.0,137862.0,219149589475,1185085,802,140502.0,137693.0
2021-02-22,135105.0,137862.0,135105.0,136368.0,52578214713,290027,715,137862.0,135107.0
2021-02-23,133647.0,139902.0,133641.0,135578.0,117075031007,643763,1024,136368.0,139634.0
2021-02-24,136428.0,141945.0,134184.0,135530.0,119745321386,658683,1204,135578.0,134651.0
2021-02-27,134564.0,136428.0,132924.0,134545.0,47181609743,263530,650,135530.0,133297.0
2021-02-28,132883.0,133446.0,132089.0,132949.0,77602258223,436516,577,134545.0,132403.0
2021-03-01,134192.0,136427.0,130464.0,134387.0,122775534920,681096,983,132949.0,136309.0
2021-03-02,136801.0,138665.0,134192.0,135644.0,89599101320,491903,739,134387.0,135906.0
2021-03-03,134192.0,140827.0,134192.0,136828.0,64725080485,350934,798,135644.0,139082.0
2021-03-06,138665.0,140528.0,137033.0,138111.0,89808739810,484212,1093,136828.0,139775.0
2021-03-07,138202.0,146398.0,138202.0,144786.0,217249442275,1118624,1931,138111.0,146398.0
2021-03-08,148234.0,152814.0,146866.0,150658.0,145803606243,721488,2014,144786.0,152792.0
2021-03-09,153970.0,155969.0,147649.0,152123.0,311156755520,1524885,2011,150658.0,149176.0
2021-03-10,150562.0,155439.0,149081.0,150230.0,122314387044,606977,1252,152123.0,149124.0
2021-03-13,147611.0,153575.0,147611.0,151825.0,173617355305,852516,1425,150230.0,152084.0
2021-03-14,149184.0,156706.0,149184.0,153454.0,154734029510,751729,1515,151825.0,154171.0
2021-03-15,155737.0,161768.0,153500.0,158606.0,122289809841,574808,1727,153454.0,160282.0
2021-03-16,160210.0,168097.0,158793.0,166585.0,199386813532,892306,1701,158606.0,168038.0
2021-03-17,168603.0,173704.0,164072.0,169724.0,249644094813,1096556,2020,166585.0,166987.0
2021-03-27,171467.0,171467.0,166330.0,166559.0,133217041577,596274,734,169724.0,166330.0
2021-03-28,163266.0,164757.0,163228.0,163251.0,133925743984,611593,765,166559.0,163228.0
2021-03-30,159986.0,164012.0,159986.0,160447.0,158358260403,735805,1503,163251.0,161373.0
2021-03-31,159550.0,163117.0,158951.0,160688.0,72619436205,336763,865,160447.0,161775.0
2021-04-03,157475.0,161999.0,157475.0,157491.0,126807815542,600266,479,160688.0,157475.0
2021-04-04,154341.0,154341.0,154341.0,154961.0,77129523568,372556,219,157491.0,154341.0
2021-04-05,151862.0,156557.0,151862.0,152506.0,126505697329,618411,1236,154961.0,154842.0
2021-04-06,155647.0,155662.0,151338.0,152788.0,46675776861,227310,827,152506.0,151458.0
2021-04-07,149773.0,155066.0,149773.0,152190.0,28461343469,140690,693,152788.0,149888.0
2021-04-10,149191.0,150228.0,149147.0,150925.0,40942684818,204631,403,152190.0,149147.0
2021-04-11,147907.0,151331.0,147907.0,149302.0,60564816425,304433,857,150925.0,147909.0
2021-04-12,147666.0,156557.0,147666.0,152672.0,83985691158,408309,1705,149302.0,154543.0
2021-04-13,160158.0,160158.0,156637.0,158569.0,91993769847,430291,1320,152672.0,158793.0
2021-04-14,160158.0,161395.0,156557.0,159313.0,70937499371,331212,1012,158569.0,157369.0
2021-04-17,156127.0,158048.0,156127.0,157648.0,51737271258,246998,412,159313.0,156127.0
2021-04-18,154495.0,154495.0,154495.0,156628.0,31340412288,151232,203,157648.0,154495.0
2021-04-19,153497.0,156549.0,153497.0,153553.0,180501045734,876342,878,156628.0,154320.0
2021-04-20,151308.0,156184.0,150482.0,152611.0,78987709433,386361,1096,153553.0,150485.0
2021-04-21,152829.0,155536.0,148033.0,151517.0,43967712423,218136,700,152611.0,149102.0
2021-04-24,149102.0,151599.0,148141.0,150393.0,40561649234,203226,564,151517.0,148282.0
2021-04-25,148200.0,150995.0,147688.0,149473.0,55867747899,279950,492,150393.0,149400.0
2021-04-26,149020.0,152222.0,147767.0,150203.0,72518875470,359292,910,149473.0,150816.0
2021-04-27,152032.0,154708.0,152009.0,151830.0,53020591055,257832,737,150203.0,153051.0
2021-04-28,154686.0,155811.0,149893.0,152463.0,47919765182,233240,767,151830.0,152515.0
2021-05-01,149139.0,152084.0,148356.0,150945.0,48138938484,240255,617,152463.0,149839.0
2021-05-02,146417.0,148729.0,146417.0,146449.0,275331594957,1401590,956,150945.0,146417.0
2021-05-03,142541.0,146119.0,142541.0,145644.0,40927431403,211033,554,146449.0,144323.0
2021-05-05,148356.0,149847.0,144114.0,147052.0,46153028806,231516,585,145644.0,148140.0
2021-05-08,144442.0,149102.0,142641.0,146671.0,47902430384,244165,701,147052.0,149102.0
2021-05-09,145374.0,149072.0,143787.0,145744.0,47127477643,242747,567,146671.0,143809.0
2021-05-10,141580.0,148722.0,141580.0,146188.0,97912963381,499299,673,145744.0,147611.0
2021-05-11,147611.0,154917.0,147611.0,151007.0,86725236037,425558,856,146188.0,153992.0
2021-05-12,154797.0,156557.0,151719.0,152079.0,41871760444,203119,714,151007.0,153217.0
2021-05-15,147245.0,158206.0,147245.0,155121.0,72267505149,344458,888,152079.0,158206.0
2021-05-16,158048.0,159539.0,155140.0,158339.0,88325614018,414322,821,155121.0,159092.0
2021-05-17,159748.0,161030.0,154320.0,159609.0,113151765724,528514,824,158339.0,156557.0
2021-05-18,156557.0,160135.0,155960.0,159313.0,64610970464,302697,736,159609.0,160135.0
2021-05-19,155811.0,157228.0,151348.0,151914.0,197072338298,967123,1285,159313.0,151348.0
2021-05-22,149102.0,152315.0,144319.0,146323.0,90312705338,461264,901,151914.0,144405.0
2021-05-23,141870.0,146194.0,141281.0,145158.0,38001864988,197526,690,146323.0,142392.0
2021-05-24,143137.0,152416.0,140528.0,146068.0,60071682231,305441,844,145158.0,147535.0
2021-05-25,149102.0,152970.0,149102.0,149450.0,57906257749,284183,791,146068.0,152457.0
2021-05-26,150667.0,154469.0,150667.0,153284.0,99929265305,485892,871,149450.0,154171.0
2021-05-29,154171.0,160273.0,149847.0,158333.0,136432203714,642390,1277,153284.0,159800.0
2021-05-30,160940.0,162223.0,154410.0,158746.0,89139429119,418443,1319,158333.0,158346.0
2021-05-31,153575.0,158719.0,153575.0,157701.0,72628052646,344280,717,158746.0,158048.0
2021-06-01,156557.0,159733.0,156557.0,158107.0,97497359733,459653,672,157701.0,158130.0
2021-06-02,157452.0,162894.0,157452.0,160191.0,65283203078,301414,826,158107.0,162446.0
2021-06-07,162528.0,164471.0,161999.0,162372.0,67689746040,308683,842,160191.0,164377.0
2021-06-08,166248.0,166659.0,157459.0,164148.0,139031865345,631438,2177,162372.0,160581.0
2021-06-09,160642.0,164312.0,156557.0,161846.0,76371426599,353382,917,164148.0,162409.0
2021-06-12,158808.0,163639.0,157489.0,161563.0,31475535475,145792,520,161846.0,159540.0
2021-06-13,160284.0,168567.0,157317.0,162382.0,55702577834,254698,511,161563.0,161030.0
2021-06-14,165503.0,165503.0,160284.0,161851.0,109923026199,506321,817,162382.0,161552.0
2021-06-15,160732.0,162819.0,158241.0,160809.0,51066789908,238185,685,161851.0,158793.0
2021-06-16,157377.0,161775.0,156557.0,160101.0,47955190093,224348,682,160809.0,160061.0
2021-06-19,159688.0,164012.0,158272.0,160995.0,72221762948,333701,691,160101.0,162520.0
2021-06-20,163252.0,163252.0,158793.0,159826.0,90985295671,424701,668,160995.0,159547.0
2021-06-21,158122.0,161459.0,158122.0,159985.0,44211961280,205763,534,159826.0,160806.0
2021-06-22,160284.0,162513.0,158793.0,160749.0,80037720801,370743,700,159985.0,161410.0
2021-06-23,162372.0,167665.0,159690.0,163079.0,113301686065,517955,1111,160749.0,164005.0
2021-06-26,165503.0,166248.0,161932.0,164095.0,103629108272,470803,1414,163079.0,163416.0
2021-06-27,165487.0,165487.0,162521.0,164055.0,78724311447,357768,1138,164095.0,164608.0
2021-06-28,165369.0,166994.0,164012.0,165176.0,220418705726,994842,1299,164055.0,165496.0
2021-06-29,165496.0,173331.0,165496.0,170320.0,181671586616,795198,2287,165176.0,173331.0
2021-06-30,170736.0,178836.0,170736.0,177117.0,309069582540,1300916,2449,170320.0,178474.0
2021-07-03,184141.0,184141.0,176686.0,179308.0,280682278983,1166996,3013,177117.0,177431.0
2021-07-04,178028.0,182255.0,176686.0,179199.0,226721646712,943212,2782,179308.0,179295.0
2021-07-10,179305.0,181366.0,170649.0,172748.0,131413802424,627136,1892,179199.0,174605.0
2021-07-11,173205.0,173205.0,164878.0,168445.0,255153805610,1248751,3472,172748.0,171646.0
2021-07-12,173040.0,174771.0,171473.0,172932.0,88267034136,419736,1564,168445.0,174276.0
2021-07-13,175595.0,176420.0,169000.0,172355.0,104790725666,501226,1967,172932.0,169825.0
2021-07-14,166527.0,173122.0,166296.0,169435.0,85956885593,418935,1528,172355.0,169248.0
2021-07-17,169435.0,170690.0,164887.0,167151.0,100223894355,494305,1984,169435.0,167186.0
2021-07-18,165505.0,167151.0,161581.0,163321.0,99684313140,503175,1910,167151.0,162406.0
2021-07-19,162413.0,169412.0,162413.0,167815.0,156118485449,766928,1771,163321.0,166857.0
2021-07-26,171473.0,176206.0,169511.0,174723.0,355279041354,1676304,2781,167815.0,176206.0
2021-07-27,180533.0,180533.0,171556.0,176336.0,139744883134,653322,1945,174723.0,174672.0
2021-07-28,176336.0,178192.0,170731.0,177279.0,131513830688,611574,1398,176336.0,178160.0
2021-07-31,180080.0,186142.0,180080.0,185913.0,571474635965,2534071,2560,177279.0,186142.0
2021-08-01,188270.0,189610.0,182974.0,185445.0,180631052265,802990,2335,185913.0,183427.0
2021-08-02,181374.0,183345.0,177763.0,180149.0,241890238463,1106930,1686,185445.0,182199.0
2021-08-03,178077.0,183509.0,178068.0,181365.0,193500131829,879552,1528,180149.0,181366.0
2021-08-04,182190.0,190433.0,181366.0,190106.0,624351998791,2707486,1667,181365.0,190433.0
2021-08-07,190433.0,194717.0,182924.0,186855.0,342530799689,1511220,2442,190106.0,183880.0
2021-08-08,183880.0,186855.0,180377.0,184217.0,177249449963,793210,1560,186855.0,186229.0
2021-08-09,186856.0,187945.0,182190.0,184504.0,126980264888,567365,1501,184217.0,185405.0
2021-08-10,185405.0,193729.0,185405.0,190738.0,540548281458,2336311,2642,184504.0,193670.0
2021-08-11,193733.0,197846.0,191260.0,195203.0,283134414406,1195750,2357,190738.0,197771.0
2021-08-14,197854.0,197854.0,185443.0,189555.0,261079882089,1135457,2673,195203.0,191267.0
2021-08-15,187557.0,196205.0,187557.0,193506.0,181330373301,772518,1480,189555.0,195208.0
2021-08-22,199008.0,203181.0,195546.0,202338.0,458619994671,1868572,2614,193506.0,203181.0
2021-08-23,206922.0,210137.0,202338.0,205106.0,177044590958,711602,2105,202338.0,204449.0
2021-08-24,208159.0,215361.0,207227.0,213930.0,269669047511,1039182,1898,205106.0,215361.0
2021-08-25,220937.0,221514.0,213553.0,218006.0,230873799937,873051,2321,213930.0,218958.0
2021-08-28,222586.0,223237.0,218958.0,221766.0,177372226501,659361,1669,218006.0,222792.0
2021-08-29,224224.0,224224.0,210678.0,213138.0,456413027808,1765346,3392,221766.0,210678.0
2021-08-30,202487.0,206098.0,202481.0,203087.0,474427191834,1925844,2188,213138.0,202481.0
2021-08-31,193031.0,207746.0,193031.0,200826.0,219825457204,902386,2429,203087.0,201349.0
2021-09-01,200329.0,210867.0,200329.0,209771.0,354930369780,1394857,1141,200826.0,210867.0
2021-09-04,213971.0,220259.0,210879.0,219024.0,368007344555,1385151,2178,209771.0,219123.0
2021-09-05,214342.0,220920.0,212693.0,217158.0,165085638609,626711,1526,219024.0,218793.0
2021-09-06,218051.0,220937.0,211044.0,217959.0,159592662970,603631,1510,217158.0,214259.0
2021-09-07,214259.0,218455.0,210971.0,216351.0,84041365315,320772,1259,217959.0,214424.0
2021-09-08,212694.0,217639.0,212694.0,215900.0,92246999209,352320,1195,216351.0,217598.0
2021-09-11,216815.0,226694.0,216469.0,225117.0,369579433033,1353419,2498,215900.0,226694.0
2021-09-12,226493.0,226493.0,216485.0,220101.0,153817304695,576124,1755,225117.0,220112.0
2021-09-13,215990.0,222775.0,212009.0,218634.0,118895120875,448311,1409,220101.0,218381.0
2021-09-14,218628.0,228356.0,218628.0,225209.0,99663063039,364311,1370,218634.0,224234.0
2021-09-15,226254.0,226254.0,221019.0,222557.0,113226357848,419409,1265,225209.0,222503.0
2021-09-18,222586.0,224564.0,211430.0,212368.0,316691359146,1229363,1825,222557.0,211430.0
2021-09-19,206922.0,216353.0,203831.0,208592.0,146917125180,580641,1470,212368.0,206098.0
2021-09-20,210220.0,210220.0,205356.0,206918.0,225723877719,899316,1470,208592.0,208983.0
2021-09-21,208925.0,208925.0,196573.0,198050.0,163678592109,681318,1741,206918.0,197854.0
2021-09-22,194144.0,205273.0,192083.0,199026.0,92900984207,384808,1554,198050.0,203625.0
2021-09-25,203616.0,208977.0,202023.0,208495.0,221932162770,877521,1687,199026.0,208977.0
2021-09-26,216815.0,216971.0,209854.0,212740.0,98549758615,381234,1242,208495.0,215990.0
2021-09-28,218826.0,220226.0,215578.0,218474.0,132437804816,499740,1477,212740.0,219289.0
2021-09-29,217722.0,229397.0,217722.0,228634.0,565783156571,2040055,3599,218474.0,229397.0
2021-10-02,233303.0,240065.0,233303.0,239565.0,197365358445,679174,1054,228634.0,240065.0
2021-10-03,248554.0,251542.0,239980.0,246439.0,563124653160,1883771,5070,239565.0,243772.0
2021-10-04,240648.0,246328.0,236600.0,240330.0,209585181212,718930,3179,246439.0,237260.0
2021-10-06,237425.0,246493.0,237425.0,243441.0,122138571997,413611,1580,240330.0,244011.0
2021-10-09,246493.0,246493.0,235949.0,239301.0,165173062768,569021,1495,243441.0,236592.0
2021-10-10,236600.0,244844.0,232116.0,240035.0,104378094228,358483,1400,239301.0,244019.0
2021-10-11,244011.0,252036.0,244011.0,251879.0,360733721733,1180670,1109,240035.0,252036.0
2021-10-12,264472.0,264472.0,253067.0,261029.0,1352820007153,4272536,6560,251879.0,261953.0
2021-10-13,259848.0,263846.0,252264.0,259202.0,553049883649,1758977,3512,261029.0,263805.0
2021-10-16,269576.0,272161.0,263805.0,271021.0,727024298184,2211459,2567,259202.0,272161.0
2021-10-17,274440.0,281117.0,266286.0,275392.0,569824319367,1705781,3917,271021.0,278644.0
2021-10-18,282766.0,284415.0,268092.0,278490.0,477401523571,1413212,3970,275392.0,279724.0
2021-10-19,277820.0,279468.0,267935.0,273473.0,255683577532,770766,3602,278490.0,268760.0
2021-10-20,272049.0,272049.0,259799.0,261356.0,218157656805,688131,3030,273473.0,259799.0
2021-10-23,248290.0,251068.0,248288.0,252527.0,64205760965,213179,719,261356.0,248288.0
2021-10-25,239972.0,247317.0,239901.0,240202.0,238855751763,819770,1666,252527.0,239901.0
2021-10-26,230838.0,247235.0,228233.0,240096.0,248269192054,852457,2607,240202.0,241464.0
2021-10-27,240216.0,250203.0,238052.0,246112.0,107522820691,360164,1643,240096.0,248389.0
2021-10-30,242371.0,248307.0,233807.0,237173.0,239503915590,832492,2144,246112.0,233807.0
2021-10-31,228191.0,230005.0,225315.0,225892.0,95125265277,347159,1085,237173.0,225315.0
2021-11-01,225059.0,237177.0,222586.0,226911.0,202614489979,736120,2336,225892.0,223410.0
2021-11-02,226872.0,234951.0,218464.0,226083.0,152774143446,557077,2220,226911.0,224172.0
2021-11-03,227120.0,228768.0,220478.0,223076.0,290763693532,1074535,3822,226083.0,227202.0
2021-11-06,228266.0,234143.0,227285.0,231272.0,272924972926,972867,3345,223076.0,229098.0
2021-11-07,229181.0,230005.0,220030.0,224467.0,147620063924,542158,2444,231272.0,222503.0
2021-11-08,222586.0,228731.0,214342.0,224119.0,168095933370,618319,1985,224467.0,224481.0
2021-11-09,224481.0,235325.0,224481.0,234862.0,982299406582,3447989,4970,224119.0,235325.0
2021-11-10,238282.0,242783.0,234869.0,237855.0,207151318718,717974,3070,234862.0,238290.0
2021-11-13,237425.0,237425.0,225962.0,228616.0,244773657252,882656,2792,237855.0,225962.0
2021-11-14,225962.0,233715.0,224234.0,228406.0,147567269802,532619,2148,228616.0,226707.0
2021-11-15,229362.0,229362.0,216985.0,219102.0,205656710958,773799,3453,228406.0,216985.0
2021-11-16,215990.0,220112.0,210321.0,215345.0,184306837098,705569,2452,219102.0,212265.0
2021-11-17,212775.0,215166.0,206510.0,209851.0,212776151798,835883,3412,215345.0,208571.0
2021-11-20,204696.0,209851.0,199951.0,202044.0,251842231910,1027580,2917,209851.0,202058.0
2021-11-21,202817.0,210675.0,202817.0,206545.0,207454054888,828018,2626,202044.0,208901.0
2021-11-22,211044.0,216815.0,211044.0,213715.0,217762741699,840004,2492,206545.0,214342.0
2021-11-23,216872.0,217639.0,211044.0,213499.0,65618052080,253514,1469,213715.0,212685.0
2021-11-24,215990.0,216403.0,206510.0,213059.0,379561596510,1468641,1727,213499.0,214504.0
2021-11-27,208241.0,213059.0,205966.0,207629.0,144400660834,573344,1524,213059.0,209313.0
2021-11-28,207629.0,212197.0,207629.0,209441.0,72261162939,283535,849,207629.0,209643.0
2021-11-29,209807.0,212519.0,206922.0,209503.0,79119668884,311312,912,209441.0,208571.0
2021-11-30,209503.0,213105.0,206098.0,209598.0,67999195169,267401,891,209503.0,209289.0
2021-12-01,199799.0,205925.0,199118.0,199222.0,224152390797,927553,1948,209598.0,199181.0
2021-12-04,199119.0,206922.0,199119.0,201906.0,84666086155,344778,1451,199222.0,204037.0
2021-12-05,204038.0,207738.0,203625.0,203686.0,50256585610,201551,957,201906.0,204432.0
2021-12-06,203707.0,205216.0,193732.0,202044.0,57442430791,235826,1109,203686.0,200236.0
2021-12-07,200320.0,204398.0,198686.0,201311.0,54225345430,222754,808,202044.0,204398.0
2021-12-08,205273.0,209173.0,201151.0,205049.0,85026568258,340510,1031,201311.0,208324.0
2021-12-11,212693.0,212693.0,205420.0,206559.0,72965163939,290393,1082,205049.0,207746.0
2021-12-12,207746.0,210174.0,198686.0,204409.0,44719549350,182662,775,206559.0,202802.0
2021-12-13,204366.0,204366.0,194189.0,196286.0,159063927798,668061,1853,204409.0,194189.0
2021-12-14,193732.0,199791.0,186472.0,194190.0,92397030257,392356,1401,196286.0,196204.0
2021-12-15,195051.0,201976.0,192907.0,195665.0,67144061126,281992,965,194190.0,192907.0
2021-12-18,195665.0,200698.0,193732.0,195848.0,53510789823,225061,941,195665.0,194969.0
2021-12-19,192990.0,196123.0,186056.0,187713.0,176328085259,774390,1917,195848.0,186057.0
2021-12-20,187713.0,189560.0,178649.0,181988.0,197628048065,895238,2661,187713.0,181365.0
2021-12-21,181988.0,184251.0,174896.0,181761.0,187160922967,848883,1868,181988.0,181943.0
2021-12-22,181943.0,190848.0,181943.0,188427.0,160895071167,703935,1910,181761.0,189156.0
2021-12-25,194276.0,196205.0,187681.0,191983.0,253023263843,1086499,2081,188427.0,187878.0
2021-12-26,187384.0,190187.0,186403.0,188458.0,77754552018,341918,1311,191983.0,186554.0
2021-12-27,191061.0,192866.0,183015.0,187161.0,147415616657,649324,2290,188458.0,185479.0
2021-12-28,182108.0,186230.0,180739.0,181784.0,119141227649,540307,2122,187161.0,181941.0
2021-12-29,183839.0,183839.0,179717.0,181258.0,61297177329,279248,1342,181784.0,180542.0
2022-01-01,179718.0,179718.0,175432.0,177645.0,65753114332,308123,1633,181258.0,175843.0
2022-01-02,174779.0,178893.0,174771.0,176983.0,67828331513,316463,1189,177645.0,177129.0
2022-01-03,176983.0,178481.0,169825.0,174123.0,77931870957,370359,1675,176983.0,169948.0
2022-01-04,169742.0,173944.0,166462.0,170646.0,65793060307,320581,1813,174123.0,170871.0
2022-01-05,170566.0,170646.0,166527.0,169698.0,71494241452,347916,1457,170646.0,168036.0
2022-01-08,175430.0,175430.0,166321.0,168712.0,62885252100,308354,1311,169698.0,166651.0
2022-01-09,165002.0,168176.0,160303.0,160633.0,227479991950,1167488,2492,168712.0,160303.0
2022-01-10,155439.0,160014.0,155439.0,157624.0,91399247500,478219,1747,160633.0,157376.0
2022-01-11,157747.0,160756.0,157046.0,158489.0,64684004550,335691,1148,157624.0,157624.0
2022-01-12,158489.0,160138.0,156304.0,158324.0,75023198700,390739,1063,158489.0,158201.0
2022-01-15,159520.0,159767.0,156511.0,157582.0,84411218150,441954,1442,158324.0,156593.0
2022-01-16,157582.0,159272.0,153007.0,156304.0,73564280450,389119,1468,157582.0,155233.0
2022-01-17,157417.0,162323.0,153337.0,155810.0,76487674300,405055,1455,156304.0,153666.0
2022-01-18,154985.0,154985.0,148019.0,148390.0,170996608750,949910,1760,155810.0,148019.0
2022-01-19,147154.0,150822.0,145917.0,147813.0,99451954700,554721,1626,148390.0,146948.0
2022-01-22,145423.0,145423.0,140435.0,141424.0,112413032050,655193,2446,147813.0,140435.0
2022-01-23,134499.0,136849.0,134376.0,134458.0,142065647050,871154,1399,141424.0,134376.0
2022-01-25,123617.0,123617.0,117476.0,120650.0,164016042850,1120825,2552,134458.0,121845.0
2022-01-26,126049.0,126668.0,122834.0,126379.0,186927952300,1219541,2011,120650.0,126668.0
2022-01-29,132686.0,132686.0,131903.0,131202.0,80309874450,499032,505,126379.0,132686.0
2022-01-30,137756.0,137756.0,137756.0,137756.0,128369729100,768221,339,131202.0,137756.0
2022-01-31,144186.0,144598.0,138250.0,142784.0,296586944300,1712262,3337,137756.0,143362.0
2022-02-01,142784.0,146535.0,140146.0,142084.0,133092077650,772288,1749,142784.0,141630.0
2022-02-02,142084.0,142620.0,137385.0,140023.0,100442194950,592245,1325,142084.0,138910.0
2022-02-05,140023.0,140146.0,133057.0,135365.0,162287967550,988259,1928,140023.0,133057.0
2022-02-06,134334.0,134334.0,128605.0,128687.0,94479570000,605159,951,135365.0,128605.0
2022-02-07,122298.0,126956.0,122298.0,124648.0,89513856800,592069,1442,128687.0,123617.0
2022-02-08,123494.0,128605.0,123494.0,125761.0,89870256850,589039,1090,124648.0,124607.0
2022-02-09,124565.0,127657.0,123617.0,125555.0,90736309700,595789,1219,125761.0,126297.0
2022-02-12,126956.0,126956.0,121515.0,123700.0,76761061300,513670,1206,125555.0,122669.0
2022-02-13,120608.0,123164.0,119495.0,122010.0,47409662700,324912,949,123700.0,119537.0
2022-02-14,120320.0,123494.0,119949.0,122051.0,39732444200,268237,795,122010.0,122010.0
2022-02-16,124071.0,124071.0,121185.0,122051.0,18998994050,128287,742,122051.0,121886.0
2022-02-19,120650.0,123040.0,118383.0,121227.0,37346884500,256824,1028,122051.0,118960.0
2022-02-20,117063.0,119537.0,116445.0,120196.0,28190630250,197550,945,121227.0,117476.0
2022-02-21,118300.0,120279.0,116445.0,119949.0,29814865850,205844,804,120196.0,119207.0
2022-02-22,116239.0,121103.0,116239.0,119990.0,66895740000,459447,689,119949.0,120361.0
2022-02-23,121021.0,125967.0,119990.0,124854.0,102774805150,678507,1467,119990.0,125967.0
2022-02-26,128894.0,131078.0,126214.0,130913.0,109737765550,691055,1626,124854.0,131078.0
2022-02-27,135200.0,135200.0,127080.0,130748.0,69755324850,440024,1452,130913.0,130171.0
2022-02-28,130254.0,130254.0,124236.0,128729.0,58083149700,376468,1385,130748.0,126956.0
2022-03-02,125967.0,127698.0,124359.0,127410.0,47389801000,310174,831,128729.0,125555.0
2022-03-05,124978.0,132727.0,124895.0,128069.0,50619387350,324217,817,127410.0,129223.0
2022-03-06,130748.0,134458.0,128440.0,131820.0,87790038000,546205,1061,128069.0,134458.0
2022-03-07,138374.0,138374.0,138374.0,138003.0,102778919100,612326,226,131820.0,138374.0
2022-03-08,144887.0,144887.0,140311.0,144433.0,222201865650,1268320,1178,138003.0,144887.0
2022-03-09,151647.0,151647.0,148390.0,151523.0,309660586100,1684780,2451,144433.0,151647.0
2022-03-12,151688.0,156552.0,145093.0,151812.0,172599412600,937282,2239,151523.0,152512.0
2022-03-13,155398.0,158201.0,151935.0,154367.0,87109129950,463875,1432,151812.0,157129.0
2022-03-14,156964.0,157788.0,151688.0,153790.0,109920117950,589231,1595,154367.0,151853.0
2022-03-15,153584.0,155150.0,146865.0,152430.0,92128120350,498611,1169,153790.0,150039.0
2022-03-16,147648.0,152430.0,147648.0,150905.0,58631400500,322588,1024,152430.0,149050.0
2022-03-19,150039.0,152512.0,148885.0,150946.0,73519860600,401522,1059,150905.0,150946.0
2022-03-26,156304.0,156304.0,151399.0,152059.0,39161819950,209889,804,150946.0,153955.0
2022-03-27,153831.0,156634.0,153337.0,153419.0,44864863800,238307,792,152059.0,156016.0
2022-03-29,157459.0,161086.0,157417.0,160797.0,107479609000,551011,1253,153419.0,161086.0
2022-03-30,165290.0,168835.0,161745.0,168093.0,183457473550,899819,2138,160797.0,168794.0
2022-04-03,171885.0,174688.0,168588.0,171391.0,136729751350,657593,2005,168093.0,170649.0
2022-04-04,169495.0,170649.0,162858.0,166403.0,237536632450,1176878,2492,171391.0,165703.0
2022-04-05,164878.0,170402.0,160179.0,165620.0,69745561800,347841,1346,166403.0,166568.0
2022-04-06,167351.0,167351.0,163229.0,165332.0,43295435900,216329,967,165620.0,163642.0
2022-04-09,163642.0,165332.0,159932.0,164301.0,58841001800,296554,1108,165332.0,164342.0
2022-04-10,166486.0,166486.0,162487.0,164301.0,91001549300,456656,926,164301.0,164301.0
2022-04-11,164301.0,166445.0,164054.0,165290.0,122237775850,609735,983,164301.0,164878.0
2022-04-12,157088.0,159025.0,157046.0,158365.0,80491330800,422289,1103,165290.0,157046.0
2022-04-13,150451.0,159726.0,150451.0,152801.0,197478632950,1065393,2798,158365.0,153749.0
2022-04-16,153337.0,156634.0,151111.0,153460.0,108541507750,583043,1544,152801.0,155892.0
2022-04-17,155892.0,156634.0,152512.0,153708.0,332326380350,1782322,2325,153460.0,153873.0
2022-04-18,156593.0,158242.0,153543.0,154985.0,466053875350,2478726,2847,153708.0,153873.0
2022-04-19,156387.0,156387.0,152265.0,153914.0,213529904700,1143808,2262,154985.0,153337.0
2022-04-20,153914.0,154862.0,150822.0,152018.0,122687633450,665403,2085,153914.0,151688.0
2022-04-24,144433.0,150039.0,144433.0,145216.0,654309611700,3714705,5824,152018.0,146618.0
2022-04-25,143197.0,146618.0,141507.0,142991.0,280556713400,1617424,4920,145216.0,142620.0
2022-04-26,144186.0,148019.0,142991.0,145958.0,257369403750,1453836,2985,142991.0,148019.0
2022-04-27,147113.0,149915.0,145958.0,147195.0,163792749900,917240,2739,145958.0,146329.0
2022-04-30,147566.0,147978.0,145917.0,147030.0,121562874850,681620,1702,147195.0,147566.0
2022-05-01,147484.0,148267.0,144969.0,146164.0,164798365150,929452,2025,147030.0,146453.0
2022-05-02,147937.0,147937.0,144268.0,145093.0,100917886350,573423,1946,146164.0,145917.0
2022-05-07,145917.0,147525.0,145175.0,146535.0,175728144650,988718,2368,145093.0,146206.0
2022-05-08,146824.0,148761.0,146000.0,148102.0,240084587400,1336470,3090,146535.0,146948.0
2022-05-09,148679.0,155480.0,148638.0,150946.0,262252905850,1432366,3178,148102.0,150864.0
2022-05-10,151193.0,151193.0,147607.0,149751.0,165289049700,909807,2212,150946.0,149627.0
2022-05-11,149338.0,152471.0,149338.0,151358.0,193203024200,1052364,2365,149751.0,151399.0
2022-05-14,152554.0,158901.0,152554.0,157376.0,463013653200,2425547,4712,151358.0,158201.0
2022-05-15,160756.0,160756.0,152966.0,156304.0,209066687700,1102781,3103,157376.0,156222.0
2022-06-01,122010.0,128110.0,122010.0,126379.0,1045819978400,6821960,9676,156304.0,124483.0
2022-06-06,125884.0,125884.0,120073.0,120196.0,816555543600,5600193,5195,126379.0,120073.0
2022-06-07,119495.0,122010.0,116239.0,119949.0,305913141950,2102823,4599,120196.0,120320.0
2022-06-08,121227.0,124854.0,120196.0,122010.0,209670347750,1416742,3372,119949.0,120938.0
2022-06-11,122793.0,122793.0,116651.0,121556.0,161345579850,1094057,2542,122010.0,121680.0
2022-06-12,122010.0,122793.0,117888.0,121144.0,141668500400,963985,2789,121556.0,121556.0
2022-06-13,122257.0,125390.0,121392.0,122875.0,178753286350,1199294,3184,121144.0,121433.0
2022-06-14,123329.0,123329.0,121474.0,122381.0,153750508850,1035742,2475,122875.0,122958.0
2022-06-15,121515.0,123576.0,119413.0,120361.0,128870294800,882673,1831,122381.0,120650.0
2022-06-18,119537.0,119537.0,114343.0,115291.0,184401899750,1318798,3532,120361.0,114673.0
2022-06-19,114590.0,114590.0,110592.0,111458.0,196416886650,1452584,3447,115291.0,111293.0
2022-06-20,111705.0,112859.0,109397.0,110468.0,88470123100,660240,2118,111458.0,109479.0
2022-06-21,109397.0,110468.0,107088.0,108243.0,105016280050,799787,2159,110468.0,107954.0
2022-06-22,107212.0,109933.0,105852.0,107253.0,74648398800,573678,1675,108243.0,107047.0
2022-06-25,107995.0,108655.0,102637.0,105975.0,76890474350,598145,1903,107253.0,104409.0
2022-06-26,104409.0,105893.0,101441.0,102802.0,97211773900,779524,2321,105975.0,103090.0
2022-06-27,103049.0,107913.0,102925.0,107294.0,71700231200,550973,840,102802.0,107913.0
2022-06-28,112529.0,112653.0,110345.0,112447.0,291454578250,2137090,3506,107294.0,112653.0
2022-06-29,114549.0,114549.0,111210.0,112117.0,103549095850,761369,1685,112447.0,111210.0
2022-07-02,109809.0,111169.0,106882.0,108243.0,84898350350,646512,1898,112117.0,107665.0
2022-07-03,108407.0,111664.0,106923.0,109685.0,62879083300,472592,1090,108243.0,109726.0
2022-07-04,111375.0,111375.0,107707.0,110303.0,41063696100,306911,912,109685.0,110221.0
2022-07-05,110180.0,110427.0,107748.0,108531.0,143912756650,1092998,2021,110303.0,109479.0
2022-07-12,103708.0,112380.0,103133.0,105832.0,88553417100,740543,1533,108531.0,106761.0
2022-07-13,103708.0,108044.0,100567.0,102514.0,152439299200,1315941,2950,105832.0,101408.0
2022-07-16,100700.0,102381.0,97426.0,97558.0,193808549850,1758057,3042,102514.0,97426.0
2022-07-17,97337.0,97337.0,92692.0,93621.0,101674897650,960811,2246,97558.0,93267.0
2022-07-19,93709.0,97293.0,89904.0,94594.0,71749838750,671247,1726,93621.0,94461.0
2022-07-20,95833.0,97160.0,94107.0,95435.0,27090362050,251182,835,94594.0,95523.0
2022-07-23,95523.0,97249.0,93267.0,94860.0,53906092450,502870,1485,95435.0,94196.0
2022-07-24,93267.0,94284.0,90125.0,90745.0,92016745800,897441,1926,94860.0,90214.0
2022-07-25,90568.0,90568.0,86232.0,86807.0,86337987750,880004,1589,90745.0,86232.0
2022-07-26,88002.0,88002.0,85967.0,87073.0,37684985450,383036,986,86807.0,87161.0
2022-07-27,87250.0,89550.0,87205.0,88356.0,34910416600,349660,993,87073.0,88400.0
2022-07-30,88710.0,91762.0,88400.0,90037.0,35562186100,349564,929,88356.0,89241.0
2022-07-31,89285.0,89816.0,86630.0,88090.0,54716883400,549535,838,90037.0,88444.0
2022-08-01,87604.0,92470.0,86763.0,91762.0,164670948500,1587894,854,88090.0,92470.0
2022-08-02,93798.0,96320.0,92913.0,96054.0,105486579850,971635,683,91762.0,96320.0
2022-08-03,100656.0,100833.0,96541.0,100036.0,161276129700,1426280,2697,96054.0,100744.0
2022-08-06,100877.0,103531.0,98311.0,100125.0,100582440350,888771,1743,100036.0,99328.0
2022-08-09,98222.0,100877.0,95125.0,95612.0,74118453500,686052,1539,100125.0,95302.0
2022-08-10,95037.0,96408.0,91232.0,93532.0,43661633800,412994,926,95612.0,93753.0
2022-08-13,95567.0,95567.0,93178.0,94329.0,52045419300,488128,872,93532.0,94284.0
2022-08-14,95921.0,95921.0,92205.0,93355.0,60657212650,575056,619,94329.0,94063.0
2022-08-15,93400.0,98001.0,93400.0,97028.0,60744223100,554051,1063,93355.0,98001.0
2022-08-16,98222.0,100788.0,94948.0,97426.0,30598784100,277883,840,97028.0,95567.0
2022-08-17,97293.0,97293.0,92559.0,93577.0,48392461800,457689,1055,97426.0,93753.0
2022-08-20,92559.0,97293.0,92559.0,95214.0,34307155900,318892,680,93577.0,94240.0
2022-08-21,94683.0,95567.0,93001.0,94506.0,35523021650,332559,528,95214.0,94196.0
2022-08-22,95479.0,99196.0,93090.0,98443.0,243511727000,2188720,1237,94506.0,99196.0
2022-08-23,98576.0,100434.0,96054.0,98134.0,125592536300,1132665,1796,98443.0,98311.0
2022-08-24,98974.0,98974.0,96275.0,97780.0,76160533800,689315,973,98134.0,98089.0
2022-08-27,99107.0,102160.0,98045.0,99903.0,82825168400,733545,1265,97780.0,98665.0
2022-08-28,97824.0,99948.0,97824.0,98443.0,25085775550,225473,646,99903.0,97957.0
2022-08-29,97603.0,98311.0,96231.0,97205.0,37293844650,339538,974,98443.0,97647.0
2022-08-30,98974.0,98974.0,96806.0,97514.0,19844131100,180113,481,97205.0,98222.0
2022-08-31,97603.0,98222.0,96541.0,96851.0,26263541100,239988,563,97514.0,96983.0
2022-09-03,96983.0,96983.0,93577.0,95479.0,60338355650,559296,902,96851.0,95125.0
2022-09-04,93930.0,96851.0,93930.0,95346.0,44674353150,414703,716,95479.0,95169.0
2022-09-05,94683.0,97957.0,94683.0,96231.0,54450572900,500798,829,95346.0,97249.0
2022-09-06,98399.0,98399.0,94638.0,95656.0,30792852650,284800,786,96231.0,95567.0
2022-09-07,95612.0,95656.0,92824.0,93975.0,40444825450,380802,869,95656.0,93355.0
2022-09-10,92957.0,94152.0,89285.0,92382.0,79751533900,764081,1272,93975.0,91143.0
2022-09-11,91187.0,92028.0,87869.0,90037.0,68964265100,677830,1076,92382.0,90170.0
2022-09-12,89462.0,90922.0,88577.0,89904.0,26253796600,258362,482,90037.0,89639.0
2022-09-13,90258.0,90258.0,88488.0,89418.0,37023423800,366460,732,89904.0,89948.0
2022-09-14,90081.0,90170.0,88665.0,89285.0,37987535500,376505,566,89418.0,89904.0
2022-09-18,89373.0,89727.0,88356.0,88577.0,38762860400,387298,747,89285.0,88621.0
2022-09-19,88577.0,89373.0,88311.0,88577.0,28688799400,286566,474,88577.0,88488.0
2022-09-20,88665.0,89772.0,88356.0,88754.0,30206955950,301196,504,88577.0,88577.0
2022-09-21,88621.0,88621.0,88223.0,88400.0,29504668650,295414,586,88754.0,88223.0
2022-09-24,88400.0,88400.0,84020.0,85037.0,58574450850,609502,932,88400.0,84772.0
2022-09-26,84197.0,85347.0,84197.0,85037.0,35474913600,369179,659,85037.0,84993.0
2022-09-28,85834.0,87161.0,85037.0,86055.0,59239786850,609300,794,85037.0,85878.0
2022-10-01,86276.0,86276.0,81896.0,83091.0,43741821700,465810,946,86055.0,81896.0
2022-10-02,81852.0,83179.0,80701.0,81675.0,33678541100,364821,724,83091.0,82117.0
2022-10-03,81675.0,82471.0,81232.0,81719.0,18100369450,196034,375,81675.0,81675.0
2022-10-04,81719.0,82471.0,81277.0,81675.0,19759333650,214083,304,81719.0,82206.0
2022-10-08,82427.0,82471.0,81586.0,82029.0,25329445650,273303,443,81675.0,82383.0
2022-10-09,82604.0,82604.0,81542.0,82073.0,48371263900,521583,623,82029.0,82560.0
2022-10-10,82383.0,86143.0,82383.0,85480.0,51576808350,533864,598,82073.0,86143.0
2022-10-11,88488.0,89727.0,87604.0,89550.0,40314074700,398427,343,85480.0,89727.0
2022-10-12,94019.0,94019.0,91807.0,93753.0,255321839550,2409529,2236,89550.0,94019.0
2022-10-15,96452.0,97249.0,92338.0,94815.0,87793471850,819237,1400,93753.0,93577.0
2022-10-16,93532.0,93532.0,90081.0,90214.0,116648764850,1143997,1101,94815.0,90081.0
2022-10-17,89108.0,90037.0,87294.0,87604.0,38261378800,386468,622,90214.0,87604.0
2022-10-18,87250.0,91984.0,87250.0,91807.0,84380800250,813250,705,87604.0,91984.0
2022-10-19,91984.0,95567.0,90612.0,93400.0,64626362900,612349,1219,91807.0,91762.0
2022-10-22,92603.0,92603.0,88754.0,89506.0,44288297500,437813,851,93400.0,91143.0
2022-10-23,88488.0,88488.0,85037.0,85436.0,108639066400,1125140,1448,89506.0,85170.0
2022-10-24,85436.0,85480.0,82383.0,83754.0,49701385850,525061,872,85436.0,83268.0
2022-10-25,82383.0,84905.0,82338.0,83002.0,29289107450,312234,626,83754.0,82515.0
2022-10-26,83356.0,83356.0,79109.0,80171.0,42286557300,466779,1124,83002.0,79684.0
2022-10-29,81232.0,81409.0,80171.0,80347.0,63628509900,700657,604,80171.0,80701.0
2022-10-30,80701.0,82737.0,80082.0,80657.0,38733448150,424966,572,80347.0,82692.0
2022-10-31,82250.0,84683.0,81808.0,84595.0,85972174950,899227,583,80657.0,84683.0
2022-11-01,86719.0,86719.0,84595.0,85745.0,38490343050,397115,687,84595.0,85834.0
2022-11-02,85790.0,86497.0,85126.0,86011.0,38389677550,394887,546,85745.0,86099.0
2022-11-05,85391.0,90302.0,85391.0,89948.0,119050333800,1171033,852,86011.0,90302.0
2022-11-06,93090.0,94417.0,89993.0,92780.0,64558697600,615624,1096,89948.0,92338.0
2022-11-07,92824.0,96010.0,91187.0,94284.0,127756467800,1199116,1526,92780.0,94815.0
2022-11-08,96275.0,96275.0,91497.0,93930.0,128939978400,1214715,1217,94284.0,92426.0
2022-11-09,92028.0,94815.0,91099.0,93709.0,134877548050,1273438,981,93930.0,94683.0
2022-11-12,92824.0,97160.0,92824.0,94594.0,149898068050,1401963,1060,93709.0,96010.0
2022-11-13,95612.0,99284.0,95567.0,98842.0,63955816750,572609,671,94594.0,99284.0
2022-11-14,103753.0,103753.0,100302.0,103222.0,388072395150,3326166,2388,98842.0,103753.0
2022-11-15,104416.0,106806.0,103222.0,104062.0,150996997250,1284251,1332,103222.0,103885.0
2022-11-16,103576.0,104903.0,100346.0,103531.0,64261182850,549254,845,104062.0,104416.0
2022-11-19,103531.0,103531.0,100434.0,101629.0,103499438150,901108,1365,103531.0,103354.0
2022-11-20,103266.0,106673.0,101496.0,105744.0,95031983950,795383,977,101629.0,105965.0
2022-11-21,106452.0,107646.0,103620.0,105965.0,39324649550,328386,664,105744.0,104239.0
2022-11-22,103222.0,105434.0,102735.0,103620.0,32013281200,273433,547,105965.0,104726.0
2022-11-23,104815.0,104815.0,102470.0,103443.0,20485358500,175219,396,103620.0,103531.0
2022-11-26,103576.0,103576.0,100567.0,101187.0,46905170800,410279,626,103443.0,100833.0
2022-11-27,101762.0,101762.0,99505.0,100744.0,41914896100,368113,568,101187.0,101010.0
2022-11-28,100877.0,105744.0,100788.0,103930.0,37748621250,321363,679,100744.0,102204.0
2022-11-29,102647.0,104328.0,100921.0,102071.0,54266185950,470450,612,103930.0,103354.0
2022-11-30,103841.0,103841.0,101142.0,101762.0,27185394200,236350,313,102071.0,101319.0
2022-12-03,101319.0,101717.0,100213.0,100877.0,47322568350,415056,417,101762.0,100744.0
2022-12-04,101496.0,101496.0,99638.0,100434.0,26852637950,236615,519,100877.0,99638.0
2022-12-05,99815.0,100479.0,98753.0,99549.0,27806578800,247173,530,100434.0,98797.0
2022-12-06,98930.0,98930.0,98355.0,98620.0,30285737800,271753,471,99549.0,98443.0
2022-12-07,97293.0,98222.0,94683.0,96408.0,49963034200,458483,888,98620.0,95523.0
2022-12-10,95921.0,95921.0,92028.0,93134.0,43901056500,417035,778,96408.0,93090.0
2022-12-11,93134.0,95125.0,88488.0,91630.0,78188951550,754951,983,93134.0,94860.0
2022-12-12,94506.0,96187.0,93798.0,96143.0,62337635050,573775,509,91630.0,96187.0
2022-12-13,97426.0,100921.0,96629.0,100700.0,107065530650,940676,850,96143.0,100921.0
2022-12-14,104726.0,104726.0,101762.0,103045.0,78625312300,675097,958,100700.0,102691.0
2022-12-17,101850.0,103089.0,101585.0,102470.0,46708690600,403284,616,103045.0,102735.0
2022-12-18,104151.0,106275.0,103089.0,105788.0,80986060150,677290,859,102470.0,105876.0
2022-12-19,106407.0,106983.0,104859.0,106186.0,87793598350,731648,948,105788.0,106806.0
2022-12-20,106230.0,111495.0,106230.0,109903.0,80324397750,646743,1269,106186.0,109283.0
2022-12-21,109372.0,110920.0,107779.0,109460.0,107223985000,866670,1052,109903.0,109814.0
2022-12-24,109814.0,113177.0,109814.0,112203.0,85491957400,674291,892,109460.0,112734.0
2022-12-25,113088.0,115389.0,111495.0,113442.0,83752133150,653193,1030,112203.0,113000.0
2022-12-26,113885.0,114150.0,112203.0,112867.0,96199737000,754230,791,113442.0,113088.0
2022-12-28,113885.0,117867.0,112115.0,116805.0,143695423650,1088639,1460,112867.0,117247.0
2022-12-31,110964.0,111053.0,110964.0,110964.0,56324465700,449157,788,116805.0,110964.0
2023-01-01,106629.0,109726.0,105434.0,105921.0,182685757900,1526019,1565,110964.0,107867.0
2023-01-02,108398.0,109327.0,106009.0,107027.0,101752964600,841130,1114,105921.0,107867.0
2023-01-03,106186.0,108929.0,102647.0,106363.0,65299020750,543361,696,107027.0,107027.0
2023-01-04,107071.0,107867.0,105478.0,106407.0,48851880300,406210,575,106363.0,106363.0
2023-01-07,106275.0,107071.0,105744.0,106319.0,95483052600,794563,927,106407.0,107071.0
2023-01-08,108841.0,111628.0,106629.0,111407.0,220047761000,1747869,1402,106319.0,111628.0
2023-01-09,116805.0,116937.0,114150.0,116628.0,425580412750,3229016,2120,111407.0,116937.0
2023-01-10,118398.0,121008.0,116628.0,119282.0,176171180950,1307083,1854,116628.0,118044.0
2023-01-11,117999.0,121229.0,114283.0,116849.0,157640605400,1193745,1511,119282.0,115477.0
2023-01-14,113132.0,115477.0,111540.0,113354.0,187585144050,1464440,1043,116849.0,115035.0
2023-01-16,115345.0,116805.0,114150.0,115787.0,133399434050,1019329,948,113354.0,116805.0
2023-01-17,117336.0,118707.0,116539.0,117336.0,115966472250,874674,1154,115787.0,117645.0
2023-01-18,118663.0,118663.0,116583.0,117424.0,45064622750,339621,667,117336.0,118132.0
2023-01-21,118176.0,118530.0,113708.0,115389.0,176900255400,1356770,963,117424.0,114371.0
2023-01-22,114371.0,120344.0,111495.0,117247.0,129059240750,973887,840,115389.0,117336.0
2023-01-23,119459.0,121937.0,117778.0,120565.0,249571619150,1831536,1354,117247.0,118928.0
2023-01-24,119017.0,121937.0,118309.0,119946.0,60377108350,445496,514,120565.0,119636.0
2023-01-25,117911.0,120300.0,114239.0,114902.0,89155900600,686549,835,119946.0,115300.0
2023-01-28,117690.0,119813.0,113752.0,117734.0,79622288400,598458,652,114902.0,117690.0
2023-01-29,115079.0,115212.0,112380.0,113663.0,113900562150,886777,1076,117734.0,113973.0
2023-01-30,115035.0,116760.0,110611.0,113619.0,56029901350,436361,689,113663.0,115212.0
2023-01-31,115345.0,117114.0,113619.0,115433.0,21669156050,166085,360,113619.0,115035.0
2023-02-01,113486.0,116716.0,113486.0,114460.0,31690909450,245019,442,115433.0,114062.0
2023-02-05,114017.0,119327.0,114017.0,117557.0,87132390650,655990,1065,114460.0,115920.0
2023-02-06,116008.0,117203.0,114946.0,115433.0,77683834750,595617,545,117557.0,115123.0
2023-02-07,115433.0,118442.0,115433.0,117734.0,83002509500,623784,571,115433.0,117999.0
2023-02-08,118530.0,118530.0,116008.0,117778.0,20317261950,152654,442,117734.0,117336.0
2023-02-12,115123.0,118530.0,115123.0,116274.0,55368973550,421298,506,117778.0,117867.0
2023-02-13,117778.0,119194.0,116451.0,117424.0,56574600150,426374,407,116274.0,116760.0
2023-02-14,116274.0,118442.0,115168.0,117336.0,64959063550,489833,414,117424.0,118442.0
2023-02-15,115964.0,117513.0,115920.0,116628.0,40767379050,309353,295,117336.0,116008.0
2023-02-19,118574.0,122424.0,118574.0,122379.0,201203507600,1454740,546,116628.0,122424.0
2023-02-20,128485.0,128485.0,128485.0,128485.0,45762538800,315169,292,122379.0,128485.0
2023-02-21,134901.0,134901.0,134901.0,134901.0,128571604050,843369,320,128485.0,134901.0
2023-02-22,141626.0,141626.0,139015.0,141626.0,742272395950,4638007,1853,134901.0,141626.0
2023-02-25,148705.0,148705.0,148705.0,148705.0,355624217050,2116181,312,141626.0,148705.0
2023-02-26,156138.0,156138.0,150121.0,155784.0,1304657756300,7411472,3108,148705.0,154855.0
2023-02-27,150430.0,155297.0,147997.0,149634.0,469186753850,2774631,2894,155784.0,148616.0
2023-02-28,149545.0,157111.0,149545.0,156846.0,804293051450,4537447,1633,149634.0,157111.0
2023-03-01,155740.0,158262.0,149059.0,154235.0,460192836450,2640427,2087,156846.0,149236.0
2023-03-04,149236.0,152156.0,149236.0,150519.0,209754654800,1233064,1092,154235.0,150607.0
2023-03-05,151315.0,154634.0,149811.0,151094.0,197214702900,1155149,1149,150519.0,149811.0
2023-03-06,150873.0,155695.0,145608.0,151315.0,182791390050,1069099,1184,151094.0,151758.0
2023-03-07,154412.0,158881.0,152200.0,158040.0,587212641200,3288053,1702,151315.0,158881.0
2023-03-11,157952.0,158748.0,153970.0,155474.0,216207071450,1230700,1281,158040.0,154191.0
2023-03-12,151182.0,151182.0,147731.0,147731.0,459412335850,2751395,1402,155474.0,147731.0
2023-03-13,143882.0,149988.0,143882.0,148041.0,75270224350,449865,731,147731.0,148307.0
2023-03-14,148218.0,149988.0,148041.0,148661.0,55988306650,333278,901,148041.0,149944.0
2023-03-15,150873.0,153881.0,150873.0,152908.0,222649510500,1288533,909,148661.0,153262.0
2023-03-18,149590.0,160518.0,149590.0,160474.0,245759224700,1355125,596,152908.0,160518.0
2023-03-19,167243.0,167243.0,160518.0,165031.0,171630002550,920295,1895,160474.0,164898.0
2023-03-25,167420.0,172287.0,164942.0,169809.0,106714918750,556096,1230,165031.0,169013.0
2023-03-26,171668.0,171668.0,161359.0,162730.0,64125957100,348680,943,169809.0,161934.0
2023-03-27,161978.0,168128.0,161934.0,164942.0,97530070800,523164,1025,162730.0,165872.0
2023-03-28,168128.0,169146.0,164235.0,165473.0,124432828050,665344,1168,164942.0,164500.0
2023-03-29,164235.0,165473.0,160164.0,162996.0,199497106350,1083085,2057,165473.0,162553.0
2023-04-03,159279.0,161491.0,154855.0,158173.0,228650232800,1279320,2249,162996.0,157863.0
2023-04-04,158217.0,166049.0,158040.0,165650.0,741773759300,3962023,2488,158173.0,166049.0
2023-04-05,167420.0,170340.0,165473.0,167995.0,177983687450,937556,1830,165650.0,168172.0
2023-04-08,169898.0,171579.0,166358.0,169234.0,559930980000,2927851,3791,167995.0,167243.0
2023-04-09,166358.0,170163.0,165916.0,169013.0,347380468000,1818838,2165,169234.0,168969.0
2023-04-10,170473.0,177065.0,162774.0,171668.0,235669885450,1214808,2383,169013.0,167332.0
2023-04-11,165296.0,171845.0,165296.0,169632.0,108775497450,567364,1406,171668.0,170429.0
2023-04-15,172906.0,174455.0,172552.0,173659.0,233115389200,1187990,1791,169632.0,173393.0
2023-04-16,176446.0,181401.0,172552.0,176756.0,230815530750,1155396,2762,173659.0,176180.0
2023-04-17,176977.0,178658.0,173216.0,174189.0,187717860600,953599,1971,176756.0,173349.0
2023-04-18,176180.0,178702.0,172685.0,176225.0,336220457550,1688135,2466,174189.0,174012.0
2023-04-19,175915.0,175915.0,167420.0,169190.0,312435502250,1634143,3963,176225.0,167995.0
2023-04-24,168128.0,169013.0,162730.0,166137.0,209538131600,1116122,2032,169190.0,167332.0
2023-04-25,168128.0,174366.0,167509.0,171535.0,253228107550,1306165,1718,166137.0,169544.0
2023-04-26,170783.0,176092.0,166181.0,171889.0,210937080550,1085924,2024,171535.0,173836.0
2023-04-29,180472.0,180472.0,180472.0,180472.0,1134363169650,5561967,1629,171889.0,180472.0
2023-04-30,182109.0,188834.0,182109.0,186224.0,541886597300,2575117,3194,180472.0,185781.0
2023-05-01,186224.0,186224.0,181755.0,183171.0,417278591150,2015786,2384,186224.0,182684.0
2023-05-02,182684.0,192241.0,182684.0,188834.0,541276574900,2536263,2418,183171.0,192020.0
2023-05-03,192108.0,194232.0,184454.0,187463.0,340080816300,1605389,1861,188834.0,188879.0
2023-05-06,185826.0,191135.0,184587.0,186843.0,268395886350,1271151,3047,187463.0,187463.0
2023-05-07,189719.0,189719.0,177508.0,178393.0,320988442900,1592028,1617,186843.0,177508.0
2023-05-08,169500.0,171977.0,169500.0,169500.0,302819256050,1580753,2504,178393.0,169500.0
2023-05-09,161137.0,173437.0,161137.0,166093.0,688977144700,3670698,2384,169500.0,173039.0
2023-05-10,174366.0,174366.0,166801.0,172552.0,622551456550,3192521,2369,166093.0,170340.0
2023-05-13,163925.0,165031.0,163925.0,163969.0,188891955950,1019512,671,172552.0,164146.0
2023-05-14,161491.0,169411.0,161491.0,164544.0,450746142500,2423739,3315,163969.0,166181.0
2023-05-15,168482.0,168482.0,160208.0,164146.0,373864892750,2015701,2306,164544.0,162819.0
2023-05-17,164146.0,165473.0,161049.0,163527.0,190341090850,1029879,1239,164146.0,163305.0
2023-05-20,165031.0,165031.0,156094.0,160164.0,286602955300,1583624,1857,163527.0,157996.0
2023-05-21,157952.0,161491.0,156094.0,159235.0,209989328400,1166789,1548,160164.0,161049.0
2023-05-22,162819.0,163704.0,157952.0,159500.0,292805712000,1624434,2190,159235.0,159589.0
2023-05-23,161359.0,163261.0,159279.0,161624.0,183138601950,1002576,1141,159500.0,161491.0
2023-05-24,169677.0,169677.0,162376.0,166535.0,287292628200,1526508,1859,161624.0,163261.0
2023-05-27,165960.0,165960.0,158527.0,160430.0,301671295050,1664021,2023,166535.0,158704.0
2023-05-28,158394.0,160341.0,152421.0,152864.0,263094006900,1522866,1777,160430.0,152554.0
2023-05-29,152510.0,154103.0,151271.0,151979.0,118692414850,691080,1340,152864.0,151935.0
2023-05-30,152289.0,155740.0,152289.0,154280.0,54882058100,314821,932,151979.0,152731.0
2023-05-31,152731.0,154280.0,147776.0,149811.0,95749185000,565506,929,154280.0,149678.0
2023-06-03,150430.0,150430.0,148439.0,149634.0,65332924650,386322,916,149811.0,149457.0
2023-06-06,149634.0,152554.0,145917.0,146758.0,84792950350,511245,1446,149634.0,146094.0
2023-06-07,144325.0,147333.0,142688.0,144325.0,90834867000,556919,1846,146758.0,143705.0
2023-06-10,144634.0,144634.0,137113.0,137334.0,113715235900,732722,955,144325.0,137113.0
2023-06-11,132733.0,139767.0,131848.0,136007.0,89561978400,582674,1342,137334.0,135343.0
2023-06-12,134547.0,137157.0,129237.0,129636.0,95503277750,651813,1142,136007.0,129237.0
2023-06-13,123972.0,129547.0,123972.0,127468.0,78606307500,545700,1397,129636.0,129459.0
2023-06-14,130299.0,133839.0,128751.0,133573.0,147266385900,975538,1377,127468.0,133839.0
2023-06-17,131051.0,137157.0,131051.0,134812.0,41604676950,273083,824,133573.0,132998.0
2023-06-18,132998.0,132998.0,128308.0,130166.0,59838901850,406811,843,134812.0,130255.0
2023-06-19,128751.0,135564.0,128751.0,133264.0,98933192600,656980,820,130166.0,131715.0
2023-06-20,132290.0,132733.0,129636.0,130609.0,28897008600,195782,650,133264.0,132644.0
2023-06-21,133618.0,133618.0,131936.0,132556.0,11667255650,77894,385,130609.0,132113.0
2023-06-24,132025.0,136272.0,131007.0,133485.0,67731883700,448970,678,132556.0,136007.0
2023-06-25,136184.0,137157.0,133618.0,135564.0,41960792250,273878,877,133485.0,133883.0
2023-06-26,135387.0,135785.0,133618.0,134591.0,57723205300,379531,1181,135564.0,133839.0
2023-06-27,132733.0,134901.0,127866.0,129060.0,242053401800,1659663,2144,134591.0,127866.0
2023-06-28,122645.0,127822.0,122645.0,122866.0,380387325550,2739823,2582,129060.0,123574.0
2023-07-01,123441.0,125388.0,117424.0,121495.0,86059167800,626908,1363,122866.0,123884.0
2023-07-02,123884.0,126538.0,123884.0,125123.0,60625497200,428745,1057,121495.0,125211.0
2023-07-03,125742.0,131361.0,125123.0,129105.0,71081192450,487232,1163,125123.0,131317.0
2023-07-04,131892.0,135299.0,127291.0,129016.0,90284962150,619165,1026,129105.0,127600.0
2023-07-05,125831.0,127423.0,124946.0,126184.0,91367215700,640723,1433,129016.0,125211.0
2023-07-08,125255.0,127689.0,123884.0,125963.0,67961798700,477378,954,126184.0,124503.0
2023-07-09,126538.0,127246.0,124769.0,126361.0,68363023950,478754,967,125963.0,126184.0
2023-07-10,126184.0,126804.0,122114.0,123795.0,71322608250,509756,961,126361.0,123884.0
2023-07-11,122999.0,122999.0,117955.0,120212.0,54147953350,398554,832,123795.0,118265.0
2023-07-12,118176.0,122955.0,114327.0,117070.0,65190799600,492832,1142,120212.0,118044.0
2023-07-15,118398.0,122910.0,118265.0,122203.0,73130124250,529560,1108,117070.0,120742.0
2023-07-16,121406.0,123884.0,120742.0,121539.0,76975336450,560387,1019,122203.0,120787.0
2023-08-01,119471.0,126974.0,119471.0,122837.0,15597816150,122164,307,121539.0,124761.0
2023-08-05,126878.0,127551.0,124521.0,126637.0,63764419350,484406,772,122837.0,127551.0
2023-08-06,127022.0,128080.0,125387.0,126348.0,41259267700,314159,575,126637.0,126060.0
2023-08-07,126300.0,127647.0,124328.0,125435.0,74739836250,573083,852,126348.0,124809.0
2023-08-08,124184.0,125050.0,123126.0,123944.0,68832042600,534174,652,125435.0,123655.0
2023-08-09,127310.0,129667.0,126060.0,127551.0,39158263900,295366,620,123944.0,126397.0
2023-08-12,122164.0,126878.0,121298.0,125050.0,98655390000,758952,545,127551.0,124857.0
2023-08-13,129763.0,129763.0,124954.0,125387.0,35628979400,273370,381,125050.0,125338.0
2023-08-14,127936.0,127936.0,124088.0,125242.0,42537263450,326671,518,125387.0,125242.0
2023-08-15,124569.0,126541.0,122356.0,124280.0,42501841650,329001,363,125242.0,124088.0
2023-08-16,124088.0,125002.0,122405.0,124184.0,29125801200,225579,358,124280.0,124184.0
2023-08-19,123607.0,125435.0,120673.0,121491.0,26565958100,210364,526,124184.0,120673.0
2023-08-20,123078.0,123126.0,120433.0,122116.0,16117952900,126980,339,121491.0,122982.0
2023-08-21,122982.0,124569.0,121587.0,122741.0,17901680050,140297,292,122116.0,122693.0
2023-08-22,121202.0,123126.0,120481.0,122212.0,18918196350,148893,325,122741.0,122212.0
2023-08-23,121972.0,124954.0,120529.0,122693.0,17813358600,139660,338,122212.0,124569.0
2023-08-26,126974.0,127936.0,124088.0,126156.0,36041833900,274778,482,122693.0,127695.0
2023-08-27,131735.0,132457.0,127695.0,132168.0,153963896400,1120728,900,126156.0,132457.0
2023-08-28,138036.0,138757.0,135631.0,138613.0,292207578200,2027480,1277,132168.0,138757.0
2023-08-29,145250.0,145539.0,141403.0,144481.0,165771691350,1103754,1560,138613.0,144240.0
2023-08-30,142364.0,147318.0,138084.0,142461.0,135038478750,911839,1647,144481.0,145924.0
2023-09-02,144288.0,144288.0,136785.0,140681.0,53990991900,369223,792,142461.0,138565.0
2023-09-03,140441.0,144048.0,136689.0,140489.0,87297719300,597730,849,140681.0,141403.0
2023-09-04,142364.0,144144.0,140441.0,142557.0,38850129650,262159,550,140489.0,143230.0
2023-09-05,147415.0,147415.0,141403.0,142894.0,36525010650,245886,670,142557.0,141451.0
2023-09-09,138998.0,138998.0,135775.0,136160.0,39703009200,280504,524,142894.0,135775.0
2023-09-10,136497.0,136593.0,134669.0,135871.0,30031152400,212598,501,136160.0,135294.0
2023-09-11,135631.0,137747.0,132745.0,133707.0,26157714750,188152,514,135871.0,132745.0
2023-09-12,135439.0,135439.0,131783.0,132553.0,22570568600,163781,440,133707.0,132072.0
2023-09-13,131880.0,132649.0,130725.0,131399.0,15796679100,115623,479,132553.0,131158.0
2023-09-17,131350.0,134429.0,131350.0,132360.0,42949690700,312189,341,131399.0,132168.0
2023-09-18,132745.0,132745.0,131543.0,132409.0,31657651350,230022,371,132360.0,132360.0
2023-09-19,131302.0,132312.0,130629.0,130966.0,18311595450,134501,326,132409.0,130821.0
2023-09-20,131014.0,131639.0,130485.0,130773.0,15388854500,113215,262,130966.0,131639.0
2023-09-23,131783.0,131783.0,130100.0,130869.0,15561414750,114398,351,130773.0,130244.0
2023-09-25,129908.0,131831.0,126012.0,128032.0,29022752200,218033,719,130869.0,126252.0
2023-09-26,130821.0,130821.0,125819.0,126589.0,31864510300,242170,532,128032.0,126974.0
2023-09-27,126878.0,128032.0,126300.0,126878.0,39050094250,296096,643,126589.0,127599.0
2023-09-30,127936.0,127936.0,126493.0,126781.0,21618964950,163998,349,126878.0,127022.0
2023-10-01,124809.0,124809.0,121779.0,122645.0,43527461200,341452,612,126781.0,122549.0
2023-10-02,122212.0,126829.0,122212.0,125387.0,11840991650,90844,375,122645.0,126012.0
2023-10-04,126060.0,128561.0,126060.0,127503.0,27223444600,205358,575,125387.0,127743.0
2023-10-07,127551.0,129138.0,124761.0,126589.0,36957632700,280852,535,127503.0,125050.0
2023-10-08,124954.0,125964.0,121731.0,122837.0,57944336600,453782,799,126589.0,122260.0
2023-10-09,121972.0,127599.0,121972.0,124232.0,21409548150,165769,392,122837.0,123992.0
2023-10-10,123992.0,127599.0,123126.0,126300.0,16024785400,122055,249,124232.0,125290.0
2023-10-11,126300.0,126300.0,123559.0,124328.0,24118317700,186597,492,126300.0,124569.0
2023-10-14,128609.0,128609.0,121731.0,122789.0,35761315600,280143,1288,124328.0,122886.0
2023-10-15,122356.0,124088.0,121779.0,122116.0,14246695400,112222,326,122789.0,122116.0
2023-10-16,122356.0,124377.0,122116.0,122934.0,19177413200,150036,321,122116.0,123847.0
2023-10-17,123222.0,125050.0,123222.0,123896.0,21672064400,168272,371,122934.0,123703.0
2023-10-18,123126.0,125050.0,121635.0,122789.0,38030821800,297935,576,123896.0,122356.0
2023-10-21,121635.0,124136.0,121635.0,122501.0,14040459250,110267,216,122789.0,122501.0
2023-10-22,121876.0,124040.0,121731.0,122308.0,30337620150,238585,322,122501.0,123126.0
2023-10-23,121731.0,122597.0,117354.0,119711.0,47034533050,377962,788,122308.0,119278.0
2023-10-24,118316.0,119711.0,116825.0,117643.0,34163235550,279291,495,119711.0,118653.0
2023-10-25,117835.0,119086.0,117643.0,118316.0,21260289800,172829,295,117643.0,118894.0
2023-10-28,118316.0,118316.0,112401.0,113122.0,53065624500,451319,683,118316.0,112930.0
2023-10-29,112497.0,114757.0,112497.0,114228.0,16828758400,141734,334,113122.0,114469.0
2023-10-30,117354.0,119230.0,116056.0,116633.0,23689296300,195384,233,114228.0,117066.0
2023-10-31,119278.0,119278.0,115960.0,116970.0,8107479250,66673,218,116633.0,116008.0
2023-11-01,115912.0,115912.0,113026.0,113988.0,9053467500,76388,235,116970.0,114469.0
2023-11-04,114902.0,117595.0,113699.0,115575.0,19760054500,164459,390,113988.0,116008.0
2023-11-05,115767.0,121346.0,115767.0,120962.0,431866221850,3434541,1579,115575.0,121346.0
2023-11-06,120962.0,122837.0,119519.0,120914.0,90063787850,716603,1043,120962.0,119807.0
2023-11-07,119471.0,124040.0,117451.0,121731.0,129497869050,1023487,920,120914.0,123607.0
2023-11-08,122068.0,124088.0,121539.0,122453.0,55857284750,438798,392,121731.0,122068.0
2023-11-11,122501.0,125675.0,122501.0,123751.0,31464465250,244591,393,122453.0,123992.0
2023-11-12,124040.0,125050.0,123174.0,124136.0,16897541750,130959,266,123751.0,124473.0
2023-11-14,121250.0,121298.0,119134.0,120096.0,20033658200,160455,297,124136.0,120000.0
2023-11-15,120721.0,120721.0,117980.0,118413.0,34373119700,279255,490,120096.0,118316.0
2023-11-18,118316.0,118316.0,116393.0,116922.0,22576941850,185741,471,118413.0,116489.0
2023-11-19,115960.0,118076.0,115912.0,116729.0,19287405200,158964,281,116922.0,116585.0
2023-11-20,116152.0,116248.0,115238.0,115671.0,30572148400,254273,701,116729.0,115238.0
2023-11-21,115912.0,116056.0,114613.0,115142.0,33713782100,281696,587,115671.0,114902.0
2023-11-22,116056.0,118124.0,115190.0,116056.0,39470120800,327184,614,115142.0,115431.0
2023-11-25,115527.0,117210.0,115431.0,116104.0,14467461050,119848,280,116056.0,116585.0
2023-11-26,117499.0,117499.0,116104.0,116441.0,23054234000,190414,488,116104.0,116489.0
2023-11-27,117980.0,117980.0,116441.0,117162.0,9655938600,79268,294,116441.0,117354.0
2023-11-28,116633.0,119807.0,116633.0,118509.0,39882094650,323656,750,117162.0,119567.0
2023-11-29,119807.0,121010.0,118509.0,119615.0,44944883700,361369,375,118509.0,120529.0
2023-12-02,120529.0,121827.0,119375.0,120385.0,35895925850,286834,414,119615.0,120769.0
2023-12-03,120721.0,124665.0,120721.0,122405.0,46421806350,364803,501,120385.0,123078.0
2023-12-04,123367.0,125050.0,122501.0,124328.0,58013405550,448827,408,122405.0,124906.0
2023-12-05,130533.0,130533.0,129186.0,130533.0,2222722848150,16380480,1991,124328.0,130533.0
2023-12-06,132168.0,132697.0,128224.0,131158.0,384331028000,2819101,2089,130533.0,128898.0
2023-12-09,128368.0,130773.0,125771.0,126781.0,164008409000,1244138,1238,131158.0,125819.0
2023-12-10,126733.0,127839.0,125435.0,126012.0,75337065150,575149,668,126781.0,126012.0
2023-12-11,126012.0,127936.0,124473.0,125627.0,65955053750,505055,628,126012.0,124617.0
2023-12-12,124088.0,128080.0,119375.0,122501.0,313415411800,2461164,972,125627.0,121731.0
2023-12-13,122164.0,123318.0,121731.0,122453.0,94404915550,741466,602,122501.0,123318.0
2023-12-16,122645.0,128561.0,122645.0,127358.0,131377352900,992170,883,122453.0,128561.0
2023-12-18,131735.0,133659.0,128609.0,131591.0,227852258000,1665447,1040,127358.0,129715.0
2023-12-19,130821.0,138084.0,129379.0,133707.0,125037177400,899434,964,131591.0,130581.0
2023-12-20,130821.0,132841.0,129475.0,131158.0,71444862100,524018,591,133707.0,129475.0
2023-12-23,131880.0,131880.0,128128.0,128849.0,25028635100,186860,448,131158.0,128753.0
2023-12-24,126974.0,129427.0,125050.0,126974.0,29247724600,221574,353,128849.0,127022.0
2023-12-25,126974.0,127936.0,125867.0,126397.0,79338358450,603740,878,126974.0,126493.0
2023-12-26,125867.0,127070.0,125531.0,126300.0,58195895750,443221,708,126397.0,125819.0
2023-12-27,125867.0,127022.0,125819.0,126252.0,16665951500,126972,337,126300.0,126252.0
2023-12-30,126252.0,129427.0,125723.0,127022.0,34750422750,263135,416,126252.0,126974.0
2023-12-31,127022.0,128032.0,124906.0,126012.0,44947779000,343106,410,127022.0,125675.0
2024-01-01,126589.0,126589.0,124280.0,124761.0,34991902600,269816,437,126012.0,124761.0
2024-01-02,124809.0,125050.0,122212.0,123367.0,44189843200,344508,625,124761.0,123799.0
2024-01-03,123415.0,123607.0,121250.0,122356.0,42607954950,335014,590,123367.0,121587.0
2024-01-06,121587.0,124280.0,121587.0,122741.0,16225371700,127179,391,122356.0,123318.0
2024-01-07,123367.0,125050.0,121827.0,122645.0,49489509000,388204,1121,122741.0,121972.0
2024-01-08,121250.0,124280.0,121250.0,122789.0,27942704150,218893,403,122645.0,122164.0
2024-01-09,121779.0,123944.0,121779.0,122837.0,27320711550,213950,757,122789.0,122741.0
2024-01-10,121876.0,125050.0,121876.0,123559.0,36512194950,284276,629,122837.0,123367.0
2024-01-13,123367.0,124665.0,122741.0,123799.0,42084224750,326941,559,123559.0,123847.0
2024-01-14,123559.0,129956.0,123559.0,128368.0,97289283100,728999,873,123799.0,129090.0
2024-01-15,128705.0,128705.0,125916.0,127551.0,58763705050,443234,461,128368.0,127647.0
2024-01-16,125050.0,127936.0,124569.0,126878.0,70244572900,532652,431,127551.0,126878.0
2024-01-17,128898.0,129523.0,126348.0,128609.0,78713662450,588779,355,126878.0,127647.0
2024-01-20,127166.0,129234.0,123655.0,126300.0,68425446650,521095,469,128609.0,125531.0
2024-01-21,123896.0,125627.0,121731.0,123318.0,59769898350,466143,790,126300.0,123703.0
2024-01-22,122308.0,125050.0,118365.0,121154.0,34191295650,271468,526,123318.0,121010.0
2024-01-23,120240.0,122356.0,118605.0,119278.0,37894844100,305546,459,121154.0,120048.0
2024-01-24,118845.0,122356.0,118845.0,120721.0,22267781550,177466,344,119278.0,122212.0
2024-01-27,122260.0,122260.0,121202.0,121491.0,6888170150,54529,174,120721.0,121587.0
2024-01-28,121539.0,125531.0,121539.0,123415.0,17494532800,136342,302,121491.0,123655.0
2024-01-29,121779.0,124761.0,121779.0,122597.0,56077556450,440070,579,123415.0,122116.0
2024-01-30,124088.0,125050.0,121058.0,121683.0,55071154400,435260,882,122597.0,121683.0
2024-01-31,121972.0,123703.0,119807.0,121395.0,41442758950,328435,617,121683.0,121202.0
2024-02-03,120962.0,124040.0,120914.0,122020.0,19299438700,152152,566,121395.0,121779.0
2024-02-04,123463.0,123703.0,119807.0,120962.0,41728167550,331849,439,122020.0,120144.0
2024-02-05,122549.0,122549.0,119759.0,120288.0,24819533700,198473,599,120962.0,120048.0
2024-02-06,121202.0,121202.0,119711.0,120240.0,33657745050,269275,571,120288.0,120144.0
2024-02-07,120240.0,122068.0,119326.0,120577.0,43250968650,345108,703,120240.0,120385.0
2024-02-10,121683.0,121683.0,120048.0,120481.0,34446169100,275019,639,120577.0,120240.0
2024-02-12,119759.0,120481.0,119278.0,119807.0,29498688800,236867,570,120481.0,119759.0
2024-02-13,122356.0,122356.0,119086.0,120144.0,28318933950,226748,394,119807.0,119182.0
2024-02-14,120048.0,120240.0,119230.0,119759.0,19486514250,156490,341,120144.0,119278.0
2024-02-17,121876.0,121876.0,118316.0,118942.0,29390177450,237655,436,119759.0,118365.0
2024-02-18,118076.0,120000.0,118076.0,119519.0,30023707850,241645,411,118942.0,119182.0
2024-02-19,121731.0,121731.0,119423.0,120192.0,57650206900,461444,654,119519.0,120240.0
2024-02-20,121154.0,121154.0,119615.0,120000.0,35529717450,284828,452,120192.0,120433.0
2024-02-21,120240.0,120240.0,119278.0,119759.0,124084637850,996670,448,120000.0,119855.0
2024-02-24,120721.0,120721.0,119038.0,119326.0,17006819950,137094,269,119759.0,119086.0
2024-02-26,121395.0,121395.0,115479.0,116874.0,26430159200,217507,383,119326.0,116874.0
2024-02-27,120240.0,120240.0,116537.0,117210.0,30023568850,246352,377,116874.0,116825.0
2024-02-28,117451.0,118653.0,117354.0,118268.0,25341900200,206114,340,117210.0,117980.0
2024-03-02,118797.0,123030.0,118316.0,120240.0,46738843250,373850,597,118268.0,121876.0
2024-03-03,122164.0,126252.0,122164.0,125964.0,96844455600,739594,592,120240.0,124954.0
2024-03-04,126012.0,126541.0,122789.0,124088.0,95895877000,743321,723,125964.0,123126.0
2024-03-05,125050.0,126012.0,122837.0,124232.0,61055207300,472719,504,124088.0,123703.0
2024-03-06,123511.0,126829.0,122645.0,123703.0,37722493400,293325,248,124232.0,123511.0
2024-03-10,124040.0,124088.0,119759.0,121395.0,7499962200,59440,142,123703.0,123078.0
2024-03-11,122645.0,122645.0,120240.0,121202.0,84525136650,670906,673,121395.0,121395.0
2024-03-12,120240.0,121202.0,119663.0,120385.0,43600720500,348375,522,121202.0,119711.0
2024-03-13,119711.0,120769.0,118653.0,119230.0,25974926500,209593,442,120385.0,118749.0
2024-03-16,120817.0,121202.0,119086.0,120433.0,90513078200,723020,557,119230.0,120240.0
2024-03-17,120721.0,126445.0,120721.0,125194.0,96121148000,738446,706,120433.0,124473.0
2024-03-18,126397.0,131447.0,125050.0,129908.0,101437841600,750977,642,125194.0,130821.0
2024-03-24,132216.0,136401.0,132216.0,134813.0,43170143100,307984,557,129908.0,135727.0
2024-03-25,141403.0,141403.0,134140.0,135871.0,84416666750,597630,870,134813.0,134621.0
2024-03-26,136208.0,139479.0,134429.0,136256.0,202374215400,1428781,902,135871.0,135198.0
2024-03-27,136256.0,138902.0,136112.0,137170.0,71621760200,502246,479,136256.0,136497.0
2024-03-30,137074.0,138469.0,135631.0,136112.0,35239507300,249065,377,137170.0,135775.0
2024-04-02,134669.0,136545.0,132216.0,133419.0,51788035550,373361,734,136112.0,133611.0
2024-04-03,133611.0,135535.0,132168.0,133419.0,36053216750,259915,374,133419.0,133611.0
2024-04-06,133707.0,135294.0,127791.0,130677.0,175915275000,1295038,1744,133419.0,127791.0
2024-04-07,131735.0,131735.0,128801.0,129956.0,65400287400,484040,623,130677.0,130725.0
2024-04-08,128561.0,133419.0,128561.0,131591.0,43819977800,320314,399,129956.0,131399.0
2024-04-09,131543.0,132745.0,130869.0,131783.0,23443417050,171149,348,131591.0,132024.0
2024-04-13,126541.0,132457.0,125194.0,126541.0,145107199100,1103004,963,131783.0,125194.0
2024-04-14,125290.0,125290.0,125290.0,125290.0,2928931750,22487,58,126541.0,125290.0
2024-04-15,124040.0,126541.0,124040.0,126397.0,101708870850,773951,496,125290.0,126541.0
2024-04-16,125146.0,125194.0,125146.0,125146.0,63481908450,487947,182,126397.0,125146.0
2024-04-17,123896.0,126397.0,123896.0,124617.0,70324585000,542832,457,125146.0,125290.0
2024-04-20,126493.0,130821.0,126493.0,130773.0,180600984650,1328384,720,124617.0,130821.0
2024-04-21,133082.0,136112.0,130869.0,134429.0,74993527350,536545,531,130773.0,133611.0
2024-04-22,132938.0,135920.0,132841.0,134332.0,48501626550,347292,420,134429.0,133226.0
2024-04-23,134669.0,134669.0,131254.0,132553.0,43431347000,315226,530,134332.0,132938.0
2024-04-24,133467.0,133707.0,132457.0,132986.0,37310187350,269922,341,132553.0,132649.0
2024-04-27,132312.0,133707.0,129859.0,131831.0,47863836750,349301,652,132986.0,132986.0
2024-04-28,130004.0,132264.0,129475.0,130485.0,89039251250,656384,604,131831.0,130533.0
2024-04-29,132264.0,132264.0,129571.0,130677.0,88472129700,651281,1082,130485.0,130052.0
2024-04-30,130629.0,130725.0,129330.0,130148.0,265667527250,1963855,1011,130677.0,130629.0
2024-05-01,133611.0,133611.0,129186.0,130629.0,66571296150,490192,1093,130148.0,131495.0
2024-05-05,131495.0,132264.0,129619.0,130725.0,51490866700,378933,459,130629.0,130677.0
2024-05-06,132601.0,132601.0,128994.0,129811.0,39405304350,291968,698,130725.0,129138.0
2024-05-07,129811.0,131783.0,129427.0,129908.0,40989806000,303539,663,129811.0,129908.0
2024-05-08,129859.0,131495.0,128513.0,129523.0,31903830200,236903,783,129908.0,128994.0
2024-05-11,129763.0,130773.0,128176.0,129090.0,72170514550,537706,1067,129523.0,128609.0
2024-05-12,130340.0,130340.0,127888.0,128609.0,92541584100,692114,565,129090.0,128898.0
2024-05-13,129859.0,129859.0,126204.0,126926.0,96516826500,731334,676,128609.0,126926.0
2024-05-14,126926.0,129571.0,126926.0,127455.0,17954126150,135528,848,126926.0,127166.0
2024-05-15,127455.0,129859.0,126974.0,128032.0,53777785700,404110,656,127455.0,127936.0
2024-05-18,128032.0,130340.0,126397.0,127407.0,15613029750,117861,334,128032.0,126541.0
2024-05-19,121058.0,121058.0,121058.0,121058.0,103478526450,822237,697,127407.0,121058.0
2024-05-21,118653.0,118653.0,118653.0,118653.0,6836673750,55425,102,121058.0,118653.0
2024-05-25,116296.0,116296.0,116296.0,116296.0,4509690900,37301,73,118653.0,116296.0
2024-05-26,113988.0,113988.0,113988.0,113988.0,4469227500,37715,81,116296.0,113988.0
2024-05-27,111727.0,111727.0,111727.0,111727.0,5964070200,51348,87,113988.0,111727.0
2024-05-28,109515.0,111006.0,109515.0,109563.0,214593188300,1884349,848,111727.0,110813.0
2024-05-29,111727.0,111727.0,109659.0,110573.0,27976535750,243357,395,109563.0,110477.0
2024-06-01,108409.0,112689.0,108409.0,108697.0,67891439450,600860,984,110573.0,108409.0
2024-06-02,110573.0,110573.0,106533.0,106677.0,28221771100,254535,354,108697.0,107254.0
2024-06-05,106533.0,106533.0,104561.0,104705.0,30309668250,278444,382,106677.0,104705.0
2024-06-08,105715.0,105715.0,102637.0,102637.0,35095881350,328886,338,104705.0,102685.0
2024-06-09,100665.0,103599.0,100617.0,100665.0,79862648350,762968,353,102637.0,102397.0
2024-06-10,102637.0,102637.0,100809.0,102637.0,15100089000,141528,187,100665.0,102637.0
2024-06-11,104657.0,104657.0,101675.0,103166.0,14500483350,135227,255,102637.0,102637.0
2024-06-12,101194.0,103070.0,101146.0,101242.0,11941887950,113457,237,103166.0,101146.0
2024-06-15,101916.0,101916.0,99222.0,99222.0,21412355000,207552,282,101242.0,99222.0
2024-06-16,99078.0,99078.0,97250.0,97347.0,16976290600,167719,167,99222.0,97635.0
2024-06-18,97250.0,98116.0,95423.0,95615.0,9176210350,92297,278,97347.0,95471.0
2024-06-19,96481.0,97491.0,96240.0,97154.0,9941213550,98404,214,95615.0,96288.0
2024-06-22,97924.0,98116.0,96096.0,97683.0,14405144400,141850,198,97154.0,97924.0
2024-06-23,97924.0,99607.0,96192.0,98068.0,17361718650,170260,479,97683.0,98405.0
2024-06-24,96385.0,99992.0,96385.0,99751.0,4877297150,47043,73,98068.0,99992.0
2024-06-26,101723.0,101723.0,101723.0,101723.0,2693135250,25467,59,99751.0,101723.0
2024-06-29,107783.0,107783.0,101964.0,107591.0,24097361350,215488,315,101723.0,107783.0
2024-06-30,107831.0,107831.0,102637.0,105715.0,11245698700,102330,466,107591.0,104465.0
2024-07-01,105811.0,108216.0,105042.0,105908.0,9008929600,81812,289,105715.0,105715.0
2024-07-02,105330.0,108216.0,102156.0,106100.0,16536747900,149898,266,105908.0,107928.0
2024-07-07,112450.0,112450.0,110000.0,111550.0,8380094100,75110,114,106100.0,110050.0
2024-07-08,113500.0,114500.0,109000.0,111900.0,17272410200,154363,322,111550.0,111400.0
2024-07-09,111400.0,111500.0,109300.0,109600.0,16153308350,147398,169,111900.0,109300.0
2024-07-10,111900.0,111900.0,106700.0,109050.0,24805057650,227450,178,109600.0,109850.0
2024-07-13,108000.0,108000.0,106600.0,107150.0,9402271400,87734,181,109050.0,107050.0
2024-07-14,106150.0,107850.0,106150.0,106450.0,15737187300,147843,234,107150.0,107250.0
2024-07-17,107800.0,108400.0,106850.0,107750.0,10597738400,98377,229,106450.0,108200.0
2024-07-20,106850.0,108100.0,106850.0,107100.0,21866658350,204125,134,107750.0,107150.0
2024-07-21,107200.0,107200.0,102750.0,106000.0,50848767550,479670,296,107100.0,107150.0
2024-07-22,107150.0,111700.0,104100.0,107150.0,16513691600,154110,261,106000.0,111150.0
2024-07-23,113550.0,113550.0,113400.0,113550.0,566972533250,4993255,1337,107150.0,113550.0
2024-07-24,113550.0,117250.0,111000.0,114950.0,149748074450,1302733,971,113550.0,115800.0
2024-07-27,115000.0,115500.0,109000.0,113250.0,44816035450,395728,596,114950.0,111300.0
2024-07-29,114350.0,114350.0,108300.0,112500.0,177444179750,1577532,471,113250.0,113250.0
2024-07-30,108600.0,112500.0,108600.0,109850.0,17441768300,158749,209,112500.0,109600.0
2024-07-31,104550.0,105000.0,103300.0,103500.0,99638327000,962652,597,109850.0,103350.0
2024-08-03,104700.0,104700.0,99350.0,100450.0,99769898250,993041,450,103500.0,100000.0
2024-08-04,99450.0,101450.0,99450.0,100650.0,10313933150,102448,236,100450.0,100750.0
2024-08-05,100000.0,101650.0,100000.0,100750.0,19985237850,197451,243,100650.0,100800.0
2024-08-06,101700.0,101750.0,100150.0,100700.0,43210142950,429288,303,100750.0,100150.0
2024-08-10,100800.0,101700.0,99750.0,100750.0,15465167150,153121,173,100700.0,101700.0
2024-08-11,100150.0,101750.0,99850.0,100750.0,13766532800,136829,183,100750.0,101750.0
2024-08-12,101650.0,101650.0,99850.0,100500.0,30701044600,307161,146,100750.0,99850.0
2024-08-13,99750.0,101000.0,99500.0,100150.0,33969003900,341117,176,100500.0,100000.0
2024-08-14,100700.0,101150.0,99700.0,100250.0,11600412650,114728,134,100150.0,101150.0
2024-08-17,102250.0,102250.0,102250.0,101250.0,47890730250,468369,56,100250.0,102250.0
2024-08-18,103250.0,103250.0,103250.0,102300.0,51686330500,500594,46,101250.0,103250.0
2024-08-19,104300.0,104300.0,101400.0,102450.0,11569983150,111805,228,102300.0,103400.0
2024-08-20,100450.0,103800.0,100450.0,102450.0,33747110000,329455,125,102450.0,102750.0
2024-08-21,100700.0,104000.0,100700.0,102350.0,9861126800,97355,134,102450.0,101500.0
2024-08-24,101950.0,104350.0,100900.0,102650.0,16411821300,157698,110,102350.0,104350.0
2024-08-26,104350.0,104700.0,102700.0,103100.0,21980100750,210130,319,102650.0,104650.0
2024-08-27,101300.0,105000.0,101300.0,103300.0,42319970700,408391,141,103100.0,103900.0
2024-08-28,104900.0,104900.0,103000.0,103450.0,17418811850,167134,147,103300.0,104500.0
2024-08-31,105500.0,105500.0,105500.0,103900.0,21484442000,203644,55,103450.0,105500.0
2024-09-01,105950.0,105950.0,105950.0,104000.0,5432480300,51274,51,103900.0,105950.0
2024-09-03,106050.0,106050.0,106050.0,104150.0,7178736600,67692,60,104000.0,106050.0
2024-09-07,107250.0,107250.0,107250.0,104450.0,9373435500,87398,89,104150.0,107250.0
2024-09-08,107550.0,107550.0,107550.0,106000.0,51173257950,475809,113,104450.0,107550.0
2024-09-09,108850.0,109150.0,107050.0,109100.0,136731410100,1253207,1253,106000.0,109150.0
2024-09-10,112000.0,112350.0,112000.0,111250.0,70969785600,631697,221,109100.0,112350.0
2024-09-11,114500.0,114550.0,112500.0,113250.0,67074606250,585660,172,111250.0,114550.0
2024-09-14,116600.0,116600.0,110150.0,114700.0,91810790350,799232,448,113250.0,112000.0
2024-09-15,111700.0,118000.0,111700.0,115350.0,51632777100,445207,390,114700.0,115600.0
2024-09-16,113000.0,116000.0,113000.0,115250.0,26128166950,227143,190,115350.0,115300.0
2024-09-17,118700.0,118700.0,118700.0,116600.0,40602996800,342064,116,115250.0,118700.0
2024-09-18,120050.0,120050.0,118700.0,119850.0,99411212100,828092,303,116600.0,120050.0
2024-09-22,123400.0,123400.0,122250.0,122150.0,66365354200,537889,277,119850.0,123400.0
2024-09-23,125800.0,125800.0,124000.0,125700.0,148848411400,1184087,618,122150.0,125800.0
2024-09-24,129300.0,129300.0,122500.0,125450.0,61341565850,489764,714,125700.0,124150.0
2024-09-25,122500.0,123200.0,121700.0,123650.0,49882550350,409520,572,125450.0,121700.0
2024-09-28,122450.0,122450.0,122450.0,123650.0,600862150,4907,21,123650.0,122450.0
2024-09-29,122450.0,122450.0,122450.0,123600.0,3189332700,26046,54,123650.0,122450.0
2024-09-30,122400.0,122400.0,122400.0,123550.0,5359528800,43787,34,123600.0,122400.0
2024-10-01,122350.0,122350.0,122350.0,123550.0,1629702000,13320,14,123550.0,122350.0
2024-10-02,122350.0,122350.0,122350.0,123500.0,2498387000,20420,15,123550.0,122350.0
2024-10-05,122300.0,122300.0,122300.0,123500.0,1596748800,13056,19,123500.0,122300.0
2024-10-06,122300.0,122300.0,122300.0,123500.0,402856200,3294,8,123500.0,122300.0
2024-10-07,122300.0,122300.0,122300.0,123450.0,2846287900,23273,20,123500.0,122300.0
2024-10-08,122250.0,122250.0,122250.0,123350.0,6772038750,55395,33,123450.0,122250.0
2024-10-09,122150.0,122150.0,122150.0,123350.0,1281475650,10491,28,123350.0,122150.0
2024-10-12,119650.0,120000.0,119650.0,119650.0,129687974150,1083868,585,123350.0,119700.0
2024-10-13,116350.0,120950.0,116100.0,118400.0,37505296300,321767,349,119650.0,116250.0
2024-10-14,114850.0,116200.0,114850.0,115300.0,81998908400,713631,317,118400.0,114900.0
2024-10-15,111850.0,114000.0,111850.0,113800.0,39608177750,353976,252,115300.0,111850.0
2024-10-16,110400.0,112750.0,110400.0,112750.0,27828455100,251914,273,113800.0,110500.0
2024-10-19,109400.0,109950.0,109400.0,112500.0,6655997050,60835,110,112750.0,109400.0
2024-10-20,109150.0,109150.0,109150.0,112350.0,4070749250,37295,42,112500.0,109150.0
2024-10-21,109000.0,112300.0,109000.0,111450.0,27583263250,252777,273,112350.0,109000.0
2024-10-22,108250.0,111550.0,108150.0,110950.0,15979023900,147333,193,111450.0,108150.0
2024-10-23,107650.0,107650.0,107650.0,110800.0,3959044050,36777,81,110950.0,107650.0
2024-10-26,110800.0,114100.0,110800.0,111250.0,14313115600,125717,137,110800.0,114100.0
2024-10-27,114550.0,114550.0,114550.0,112250.0,31874453900,278258,111,111250.0,114550.0
2024-10-28,115250.0,115250.0,112250.0,112350.0,7271543950,64030,131,112250.0,113050.0
2024-10-29,112300.0,112300.0,110650.0,112100.0,21821415150,196064,311,112350.0,110700.0
2024-10-30,109200.0,115450.0,109200.0,112800.0,32169744400,281269,232,112100.0,114100.0
2024-11-02,114800.0,114800.0,109450.0,112450.0,13802979500,125064,262,112800.0,110000.0
2024-11-03,109100.0,110000.0,109100.0,110400.0,59463311450,545028,225,112450.0,109100.0
2024-11-04,107100.0,112650.0,107100.0,109650.0,28678391000,265848,417,110400.0,109750.0
2024-11-05,110000.0,112650.0,109700.0,109750.0,7487869400,67663,139,109650.0,111000.0
2024-11-06,109750.0,113000.0,108100.0,110100.0,33382320500,301461,466,109750.0,112550.0
2024-11-09,112550.0,113400.0,112550.0,110500.0,11824224900,104283,97,110100.0,113400.0
2024-11-10,113800.0,113800.0,113800.0,110600.0,3189814000,28030,60,110500.0,113800.0
2024-11-11,113900.0,113900.0,113900.0,112900.0,72858982500,639675,98,110600.0,113900.0
2024-11-12,116250.0,116250.0,114550.0,115550.0,85361331550,734810,266,112900.0,116250.0
2024-11-13,118700.0,119000.0,117000.0,118950.0,107988125200,907783,228,115550.0,119000.0
2024-11-16,122500.0,122500.0,122500.0,122500.0,169788185000,1386026,108,118950.0,122500.0
2024-11-17,125000.0,126150.0,124000.0,125950.0,426935427500,3389766,419,122500.0,126150.0
2024-11-18,129700.0,129700.0,127850.0,129650.0,109957289750,848014,563,125950.0,129700.0
2024-11-19,133450.0,133500.0,132500.0,133450.0,439071686250,3289706,1088,129650.0,133350.0
2024-11-20,135000.0,135000.0,130000.0,132150.0,117099432350,886114,806,133450.0,132350.0
2024-11-23,132400.0,134000.0,129050.0,131500.0,93181886500,708789,884,132150.0,130900.0
2024-11-24,128200.0,135400.0,128000.0,132450.0,208354948650,1573085,1094,131500.0,135150.0
2024-11-25,133900.0,136400.0,133000.0,136050.0,187430912200,1377849,869,132450.0,136400.0
2024-11-26,140000.0,140050.0,132000.0,133650.0,161702981000,1210069,973,136050.0,132000.0
2024-11-27,135300.0,137650.0,133400.0,137100.0,220050563200,1605252,827,133650.0,137650.0
2024-11-30,141200.0,141200.0,133350.0,140150.0,224955609500,1605330,1100,137100.0,139250.0
2025-03-04,151950.0,156500.0,147400.0,150950.0,1106433050250,7330125,3316,140150.0,147400.0
2025-03-05,146450.0,146450.0,146450.0,149600.0,31525119900,215262,223,150950.0,146450.0
2025-03-08,145150.0,145150.0,145150.0,145150.0,117944245200,812568,1620,149600.0,145150.0
2025-03-09,140800.0,140800.0,140800.0,144700.0,9632128000,68410,564,145150.0,140800.0
2025-03-10,140400.0,140400.0,140400.0,140400.0,299256282000,2131455,422,144700.0,140400.0
2025-03-11,136200.0,136200.0,136200.0,139850.0,11906604000,87420,134,140400.0,136200.0
2025-03-12,135700.0,135700.0,135700.0,138750.0,24151614600,177978,116,139850.0,135700.0
2025-03-15,134600.0,137400.0,134600.0,134750.0,477548068600,3543363,2010,138750.0,134600.0
2025-03-16,137950.0,137950.0,130750.0,131300.0,338667004600,2579229,2010,134750.0,131500.0
2025-03-17,130550.0,132600.0,127400.0,128300.0,165011665800,1286285,3144,131300.0,127400.0
2025-03-18,127200.0,128300.0,124500.0,124750.0,182126674850,1459888,1505,128300.0,127200.0
2025-03-25,128450.0,128450.0,126150.0,128150.0,111336737500,868917,577,124750.0,128450.0
2025-03-26,128150.0,130700.0,124350.0,126900.0,41382445700,330643,485,128150.0,124350.0
2025-03-29,123100.0,123500.0,123100.0,126100.0,20874990350,169576,734,126900.0,123100.0
2025-03-30,122350.0,126100.0,122350.0,123350.0,103509100300,839296,1694,126100.0,124350.0
2025-04-05,126900.0,126900.0,119650.0,121500.0,83152061450,686354,3703,123350.0,119650.0
2025-04-06,117900.0,119800.0,117900.0,118600.0,78046571750,661805,1495,121500.0,117900.0
2025-04-07,115100.0,118550.0,115050.0,115650.0,95325923450,824319,1820,118600.0,116100.0
2025-04-08,119100.0,119100.0,116150.0,117250.0,112560936350,959968,867,115650.0,117000.0
2025-04-09,117000.0,117000.0,113750.0,113950.0,101279518800,888801,1764,117250.0,113750.0
2025-04-12,111100.0,113650.0,110550.0,110900.0,92470688400,834962,1535,113950.0,111000.0
2025-04-13,114050.0,114200.0,111250.0,113850.0,437479329750,3842677,1820,110900.0,114200.0
2025-04-14,117250.0,117250.0,112000.0,114200.0,137572537000,1204775,1323,113850.0,112500.0
2025-04-15,113800.0,113800.0,110800.0,111150.0,157665969350,1418480,1075,114200.0,110800.0
2025-04-16,110450.0,112400.0,107850.0,108050.0,179849332050,1664218,2402,111150.0,107850.0
2025-04-19,105000.0,108450.0,105000.0,107800.0,192018547800,1781164,1046,108050.0,107250.0
2025-04-20,108450.0,111000.0,108450.0,110400.0,85979431100,775251,545,107800.0,111000.0
2025-04-21,113700.0,113700.0,108900.0,112450.0,241066543050,2143528,1928,110400.0,110000.0
2025-04-22,109100.0,111800.0,109100.0,109300.0,167450983900,1531911,920,112450.0,109200.0
2025-04-23,111900.0,112500.0,106050.0,109600.0,164567305600,1501742,1142,109300.0,110150.0
2025-04-26,112850.0,112850.0,110550.0,112850.0,466464368450,4134250,1632,109600.0,112850.0
2025-04-27,109600.0,116200.0,109600.0,116050.0,824787242950,7106005,1612,112850.0,116200.0
2025-04-28,119500.0,119500.0,116050.0,119250.0,390489924100,3274934,1622,116050.0,119500.0
2025-04-29,122800.0,122800.0,122800.0,122800.0,111356759200,906814,190,119250.0,122800.0
2025-04-30,126450.0,126450.0,126450.0,125050.0,70626750750,558535,155,122800.0,126450.0
2025-05-03,121300.0,125400.0,121300.0,121800.0,557961810400,4581069,1942,125050.0,121300.0
2025-05-04,121700.0,123450.0,118250.0,120400.0,179119765300,1487596,1159,121800.0,120600.0
2025-05-05,123000.0,123000.0,116800.0,118250.0,176670280550,1493868,1663,120400.0,116900.0
2025-05-06,117000.0,121700.0,115250.0,118650.0,131826775500,1111240,1089,118250.0,119500.0
2025-05-07,122150.0,122150.0,118550.0,120150.0,174725938950,1454446,1196,118650.0,119650.0
2025-05-10,118900.0,120150.0,116550.0,116800.0,114305075950,978514,1366,120150.0,116550.0
2025-05-11,115000.0,120200.0,114450.0,115850.0,76826985250,664393,1077,116800.0,115000.0
2025-05-12,119300.0,119300.0,118000.0,119150.0,135964828500,1140960,872,115850.0,119050.0
2025-05-13,121500.0,121500.0,115600.0,115950.0,272187482450,2347622,1620,119150.0,115600.0
2025-05-14,117150.0,117150.0,113400.0,114600.0,88803867050,775498,1219,115950.0,115000.0
2025-05-17,117400.0,117400.0,113350.0,114850.0,71841688250,624908,766,114600.0,114850.0
2025-05-18,116300.0,118250.0,114850.0,116800.0,143860710750,1231620,1207,114850.0,116100.0
2025-05-19,116500.0,117200.0,113300.0,114800.0,84025930350,734375,1408,116800.0,114100.0
2025-05-20,111400.0,111400.0,111400.0,111400.0,253456166000,2275190,1033,114800.0,111400.0
2025-05-21,108100.0,109900.0,108100.0,108100.0,139905515900,1294211,979,111400.0,109900.0
2025-05-24,105900.0,110950.0,105900.0,108350.0,78691491650,725921,603,108100.0,108700.0
2025-05-25,108000.0,110300.0,105100.0,107300.0,51760430900,486844,655,108350.0,108000.0
2025-05-26,105500.0,110000.0,105500.0,107250.0,29755719550,277690,406,107300.0,108350.0
2025-05-27,109200.0,109350.0,105600.0,107100.0,58340891150,545402,616,107250.0,107150.0
2025-05-28,108000.0,108850.0,105950.0,107050.0,21240272250,198637,345,107100.0,107650.0
2025-05-31,109500.0,110250.0,108550.0,110150.0,226707647550,2058150,1257,107050.0,110250.0
2025-06-01,111400.0,111400.0,106950.0,109100.0,51602474950,477551,605,110150.0,108550.0
2025-06-02,107000.0,110500.0,107000.0,108400.0,49574619850,460256,568,109100.0,107800.0
2025-06-03,107250.0,108000.0,105150.0,106950.0,59209535750,558600,677,108400.0,107900.0
2025-06-07,105250.0,105300.0,103750.0,104150.0,85926297600,828106,527,106950.0,103750.0
2025-06-08,103750.0,105300.0,101750.0,103400.0,41040510100,400784,828,104150.0,102450.0
2025-06-09,103400.0,103600.0,100300.0,101650.0,64315462600,637904,1267,103400.0,100300.0
2025-06-10,101550.0,103600.0,99700.0,101100.0,52306023700,519611,907,101650.0,102850.0
2025-06-11,101200.0,103600.0,100050.0,100900.0,32166784950,319790,492,101100.0,100900.0
2025-06-28,97900.0,97900.0,97900.0,99800.0,34275964800,350112,98,100900.0,97900.0
2025-06-29,96850.0,96850.0,96850.0,97800.0,63744442450,658177,121,99800.0,96850.0
2025-06-30,94900.0,94900.0,94900.0,95000.0,87898372900,926221,139,97800.0,94900.0
2025-07-01,92150.0,92150.0,92150.0,94850.0,4444578800,48232,69,95000.0,92150.0
