,date,open,high,low,adjClose,value,volume,count,yesterday,close
0,2023-11-13,10000.0,10000.0,10000.0,10000.0,245906490000,24590649,198,10000.0,10000.0
1,2023-11-14,10000.0,10000.0,10000.0,10000.0,539678040000,53967804,181,10000.0,10000.0
2,2023-11-15,10000.0,10000.0,10000.0,10000.0,625560820000,62556082,224,10000.0,10000.0
3,2023-11-18,10000.0,10000.0,10000.0,10000.0,337968720000,33796872,232,10000.0,10000.0
4,2023-11-19,10000.0,10000.0,10000.0,10000.0,560168980000,56016898,371,10000.0,10000.0
5,2023-12-11,10200.0,10200.0,10166.0,10166.0,221244826291,21762502,180,10000.0,10167.0
6,2023-12-12,10173.0,10174.0,10173.0,10173.0,57445695456,5646870,95,10166.0,10174.0
7,2023-12-13,10187.0,10188.0,10187.0,10187.0,107222146356,10524877,61,10173.0,10188.0
8,2023-12-16,10204.0,10205.0,10204.0,10204.0,373633086041,36615828,95,10187.0,10205.0
9,2023-12-18,10215.0,10216.0,10215.0,10216.0,255579796247,25018444,92,10204.0,10215.0
10,2023-12-19,10222.0,10223.0,10222.0,10223.0,233840943139,22874722,83,10216.0,10223.0
11,2023-12-20,10237.0,10237.0,10236.0,10237.0,636988528278,62224405,175,10223.0,10236.0
12,2023-12-23,10250.0,10251.0,10250.0,10250.0,303953245881,29653007,123,10237.0,10251.0
13,2023-12-24,10257.0,10258.0,10257.0,10257.0,231942309085,22612313,137,10250.0,10257.0
14,2023-12-25,10265.0,10265.0,10264.0,10265.0,167687023733,16335808,46,10257.0,10265.0
15,2023-12-26,10273.0,10273.0,10272.0,10273.0,76537142603,7450361,83,10265.0,10273.0
16,2023-12-27,10286.0,10287.0,10286.0,10287.0,111612260294,10849884,76,10273.0,10287.0
17,2023-12-30,10301.0,10301.0,10300.0,10300.0,122646173674,11907229,84,10287.0,10300.0
18,2023-12-31,10307.0,10308.0,10307.0,10307.0,482189178993,46780476,114,10300.0,10308.0
19,2024-01-01,10314.0,10315.0,10314.0,10314.0,53712079502,5207681,38,10307.0,10314.0
20,2024-01-02,10321.0,10322.0,10321.0,10321.0,689731885797,66827983,120,10314.0,10322.0
21,2024-01-03,10335.0,10336.0,10335.0,10336.0,240304766902,23250366,72,10321.0,10336.0
22,2024-01-06,10349.0,10350.0,10349.0,10350.0,79150452241,7647560,77,10336.0,10349.0
23,2024-01-07,10357.0,10358.0,10357.0,10357.0,203117266075,19611291,103,10350.0,10357.0
24,2024-01-08,10365.0,10365.0,10364.0,10364.0,418782528538,40406407,103,10357.0,10364.0
25,2024-01-09,10371.0,10372.0,10371.0,10371.0,633142042685,61047156,179,10364.0,10371.0
26,2024-01-10,10386.0,10386.0,10385.0,10386.0,325050570745,31297273,132,10371.0,10385.0
27,2024-01-13,10399.0,10400.0,10399.0,10400.0,305493851727,29375357,214,10386.0,10399.0
28,2024-01-14,10408.0,10408.0,10407.0,10407.0,573485088392,55103647,196,10400.0,10408.0
29,2024-01-15,10414.0,10415.0,10414.0,10414.0,354557223305,34045416,81,10407.0,10414.0
30,2024-01-16,10422.0,10422.0,10421.0,10422.0,266265574485,25548614,98,10414.0,10421.0
31,2024-01-17,10436.0,10437.0,10436.0,10437.0,558718847027,53534326,173,10422.0,10436.0
32,2024-01-20,10451.0,10451.0,10450.0,10451.0,298495374743,28562040,236,10437.0,10451.0
33,2024-01-21,10459.0,10459.0,10458.0,10458.0,252215863115,24116372,141,10451.0,10459.0
34,2024-01-22,10466.0,10467.0,10465.0,10466.0,432437287614,41318769,211,10458.0,10466.0
35,2024-01-23,10473.0,10473.0,10472.0,10473.0,191391974778,18275642,239,10466.0,10472.0
36,2024-01-24,10487.0,10488.0,10487.0,10488.0,302204937058,28815600,187,10473.0,10487.0
37,2024-01-27,10501.0,10502.0,10501.0,10502.0,745203126612,70961113,260,10488.0,10501.0
38,2024-01-28,10509.0,10510.0,10509.0,10509.0,132665900323,12623492,145,10502.0,10510.0
39,2024-01-29,10516.0,10517.0,10516.0,10517.0,462771776983,44003840,214,10509.0,10516.0
40,2024-01-30,10523.0,10524.0,10523.0,10524.0,330845447024,31438423,369,10517.0,10524.0
41,2024-01-31,10538.0,10539.0,10538.0,10538.0,401604188885,38108836,265,10524.0,10538.0
42,2024-02-03,10553.0,10554.0,10553.0,10554.0,312064384768,29569200,184,10538.0,10554.0
43,2024-02-04,10560.0,10561.0,10560.0,10561.0,160692943203,15216298,94,10554.0,10561.0
44,2024-02-05,10568.0,10569.0,10568.0,10569.0,95595365741,9045162,114,10561.0,10569.0
45,2024-02-06,10575.0,10576.0,10575.0,10575.0,299008886791,28274414,145,10569.0,10575.0
46,2024-02-07,10591.0,10591.0,10590.0,10590.0,328740405708,31042257,270,10575.0,10591.0
47,2024-02-10,10612.0,10613.0,10612.0,10612.0,67122294737,6324982,241,10590.0,10613.0
48,2024-02-12,10619.0,10620.0,10619.0,10619.0,284459774374,26787221,177,10612.0,10620.0
49,2024-02-13,10628.0,10628.0,10627.0,10628.0,218501532000,20559579,175,10619.0,10628.0
50,2024-02-14,10642.0,10643.0,10642.0,10642.0,223010962854,20955078,263,10628.0,10643.0
51,2024-02-17,10656.0,10657.0,10656.0,10656.0,156372671733,14674124,286,10642.0,10657.0
52,2024-02-18,10664.0,10665.0,10664.0,10664.0,495797806352,46492227,232,10656.0,10665.0
53,2024-02-19,10671.0,10672.0,10671.0,10672.0,431477135832,40431835,339,10664.0,10672.0
54,2024-02-20,10680.0,10680.0,10679.0,10680.0,432509292611,40498159,235,10672.0,10680.0
55,2024-02-21,10695.0,10695.0,10694.0,10694.0,181953269834,17013911,257,10680.0,10695.0
56,2024-02-24,10712.0,10713.0,10712.0,10712.0,518049837027,48360881,222,10694.0,10712.0
57,2024-02-26,10725.0,10725.0,10724.0,10725.0,386472523801,36036174,436,10712.0,10725.0
58,2024-02-27,10731.0,10732.0,10731.0,10732.0,233379984607,21746566,206,10725.0,10732.0
59,2024-02-28,10747.0,10747.0,10746.0,10746.0,852997465356,79376517,472,10732.0,10747.0
60,2024-03-02,10762.0,10763.0,10762.0,10762.0,392313127337,36452798,424,10746.0,10762.0
61,2024-03-03,10770.0,10771.0,10770.0,10770.0,621016623341,57660110,464,10762.0,10770.0
62,2024-03-04,10777.0,10778.0,10777.0,10777.0,566254539997,52542060,424,10770.0,10777.0
63,2024-03-05,10786.0,10786.0,10785.0,10785.0,461013962387,42744700,456,10777.0,10786.0
64,2024-03-06,10802.0,10802.0,10801.0,10801.0,286370885115,26513141,336,10785.0,10801.0
65,2024-03-09,10816.0,10817.0,10816.0,10816.0,771178698506,71298033,582,10801.0,10817.0
66,2024-03-10,10824.0,10825.0,10824.0,10824.0,252558090864,23332436,491,10816.0,10825.0
67,2024-03-11,10832.0,10833.0,10832.0,10832.0,671725210834,62012247,501,10824.0,10833.0
68,2024-03-12,10840.0,10841.0,10840.0,10840.0,476147837475,43923903,390,10832.0,10841.0
69,2024-03-13,10855.0,10856.0,10855.0,10855.0,387195533665,35669113,491,10840.0,10856.0
70,2024-03-16,10871.0,10872.0,10871.0,10871.0,302192245225,27797382,459,10855.0,10871.0
71,2024-03-17,10880.0,10880.0,10879.0,10879.0,942490926745,86632544,511,10871.0,10879.0
72,2024-03-18,10907.0,10907.0,10906.0,10906.0,2202460823551,201944437,788,10879.0,10907.0
73,2024-03-24,10934.0,10934.0,10933.0,10933.0,770039608969,70432011,507,10906.0,10933.0
74,2024-03-25,10941.0,10942.0,10941.0,10941.0,339187129840,31000571,402,10933.0,10941.0
75,2024-03-26,10949.0,10950.0,10948.0,10949.0,923838424163,84375399,392,10941.0,10950.0
76,2024-03-27,10965.0,10966.0,10965.0,10965.0,322801207495,29438117,328,10949.0,10966.0
77,2024-03-30,10989.0,10990.0,10989.0,10989.0,192238704751,17493350,328,10965.0,10989.0
78,2024-04-02,11004.0,11005.0,11004.0,11004.0,502411067534,45655631,330,10989.0,11004.0
79,2024-04-03,11020.0,11021.0,11020.0,11021.0,442915940063,40188975,463,11004.0,11021.0
80,2024-04-06,11036.0,11037.0,11036.0,11036.0,338961655023,30713708,437,11021.0,11036.0
81,2024-04-07,11044.0,11047.0,11044.0,11045.0,818618711862,74118520,499,11036.0,11045.0
82,2024-04-08,11052.0,11053.0,11052.0,11052.0,413253600949,37391423,343,11045.0,11052.0
83,2024-04-09,11076.0,11077.0,11076.0,11076.0,770312587616,69546077,355,11052.0,11076.0
84,2024-04-13,11093.0,11093.0,11092.0,11092.0,332467945898,29973378,280,11076.0,11092.0
85,2024-04-14,11100.0,11101.0,11100.0,11100.0,1488367729310,134084741,516,11092.0,11100.0
86,2024-04-15,11108.0,11109.0,11108.0,11108.0,409315770344,36848172,250,11100.0,11109.0
87,2024-04-16,11116.0,11117.0,11116.0,11116.0,838333309627,75414242,292,11108.0,11117.0
88,2024-04-17,11132.0,11133.0,11132.0,11132.0,206009792270,18505690,330,11116.0,11132.0
89,2024-04-20,11148.0,11149.0,11148.0,11148.0,983794212899,88246969,692,11132.0,11148.0
90,2024-04-21,11156.0,11157.0,11156.0,11156.0,341321678662,30594708,419,11148.0,11157.0
91,2024-04-22,11165.0,11165.0,11164.0,11164.0,818054762691,73274311,897,11156.0,11164.0
92,2024-04-23,11173.0,11174.0,11173.0,11173.0,841610089634,75324164,571,11164.0,11174.0
93,2024-04-24,11190.0,11190.0,11189.0,11189.0,809046136271,72306037,457,11173.0,11190.0
94,2024-04-27,11206.0,11207.0,11206.0,11206.0,555985076248,49612914,407,11189.0,11207.0
95,2024-04-28,11215.0,11215.0,11214.0,11214.0,660782421570,58923900,376,11206.0,11214.0
96,2024-04-29,11223.0,11223.0,11222.0,11222.0,740362381449,65973715,687,11214.0,11222.0
97,2024-04-30,11231.0,11232.0,11231.0,11231.0,680815214526,60617446,466,11222.0,11231.0
98,2024-05-01,11252.0,11252.0,11251.0,11252.0,318645036570,28320025,662,11231.0,11252.0
99,2024-05-05,11272.0,11273.0,11272.0,11272.0,511954014767,45416858,377,11252.0,11273.0
100,2024-05-06,11281.0,11281.0,11280.0,11281.0,368016485424,32623331,288,11272.0,11280.0
101,2024-05-07,11289.0,11290.0,11289.0,11289.0,327479871816,29008377,280,11281.0,11289.0
102,2024-05-08,11306.0,11306.0,11305.0,11305.0,239746911201,21206779,228,11289.0,11306.0
103,2024-05-11,11322.0,11323.0,11322.0,11322.0,334453196021,29538972,390,11305.0,11322.0
104,2024-05-12,11330.0,11331.0,11330.0,11330.0,699815687652,61766105,377,11322.0,11330.0
105,2024-05-13,11340.0,11340.0,11339.0,11339.0,839630584936,74047675,369,11330.0,11339.0
106,2024-05-14,11347.0,11348.0,11347.0,11347.0,1381315535818,121731968,846,11339.0,11347.0
107,2024-05-15,11364.0,11365.0,11364.0,11364.0,386585109810,34017251,1017,11347.0,11365.0
108,2024-05-18,11376.0,11377.0,11376.0,11377.0,730569887742,64216880,927,11364.0,11377.0
109,2024-05-19,11390.0,11390.0,11389.0,11389.0,1939640913882,170305089,932,11377.0,11390.0
110,2024-05-21,11428.0,11428.0,11426.0,11427.0,2037743414011,178324411,1205,11389.0,11428.0
111,2024-05-25,11440.0,11440.0,11439.0,11439.0,978818038294,85565376,1000,11427.0,11439.0
112,2024-05-26,11453.0,11453.0,11452.0,11452.0,941569683978,82215531,1114,11439.0,11452.0
113,2024-05-27,11465.0,11469.0,11464.0,11465.0,1126580045776,98266774,1306,11452.0,11465.0
114,2024-05-28,11477.0,11478.0,11477.0,11477.0,1347586392512,117412947,1625,11465.0,11478.0
115,2024-05-29,11489.0,11492.0,11489.0,11489.0,1693123490151,147365111,1163,11477.0,11490.0
116,2024-06-01,11502.0,11503.0,11502.0,11502.0,962641547629,83691965,721,11489.0,11502.0
117,2024-06-02,11527.0,11528.0,11527.0,11528.0,1093063759637,94821430,850,11502.0,11528.0
118,2024-06-05,11552.0,11558.0,11552.0,11552.0,449515628227,38911291,571,11528.0,11558.0
119,2024-06-08,11565.0,11566.0,11565.0,11565.0,750236238372,64869867,717,11552.0,11565.0
120,2024-06-09,11579.0,11579.0,11578.0,11579.0,433852672929,37470366,533,11565.0,11583.0
121,2024-06-10,11590.0,11591.0,11590.0,11590.0,895410802738,77255059,596,11579.0,11591.0
122,2024-06-11,11603.0,11604.0,11603.0,11603.0,542635153651,46765627,647,11590.0,11603.0
123,2024-06-12,11617.0,11617.0,11616.0,11617.0,689251160251,59333756,640,11603.0,11616.0
124,2024-06-15,11629.0,11629.0,11628.0,11628.0,1160812417859,99827242,649,11617.0,11628.0
125,2024-06-16,11647.0,11648.0,11647.0,11647.0,984024131224,84485097,670,11628.0,11647.0
126,2024-06-18,11668.0,11668.0,11667.0,11667.0,769683828906,65969988,676,11647.0,11668.0
127,2024-06-19,11680.0,11680.0,11678.0,11679.0,1711682799838,146559188,675,11667.0,11679.0
128,2024-06-22,11692.0,11693.0,11692.0,11692.0,1492052290491,127611413,1078,11679.0,11693.0
129,2024-06-23,11705.0,11706.0,11705.0,11705.0,1078510088017,92139380,773,11692.0,11706.0
130,2024-06-24,11724.0,11725.0,11724.0,11724.0,794326556491,67751593,742,11705.0,11724.0
131,2024-06-26,11743.0,11744.0,11743.0,11744.0,564503142796,48069372,789,11724.0,11744.0
132,2024-06-29,11757.0,11757.0,11756.0,11756.0,1253809342844,106650814,834,11744.0,11757.0
133,2024-06-30,11770.0,11770.0,11769.0,11769.0,526436069920,44729684,984,11756.0,11770.0
134,2024-07-01,11782.0,11783.0,11782.0,11782.0,627514572556,53259146,796,11769.0,11782.0
135,2024-07-02,11796.0,11796.0,11795.0,11795.0,1562991399754,132511546,881,11782.0,11796.0
136,2024-07-03,11808.0,11809.0,11808.0,11808.0,697433069375,59063663,704,11795.0,11809.0
137,2024-07-06,11821.0,11822.0,11821.0,11821.0,2711453840518,229368224,1504,11808.0,11822.0
138,2024-07-07,11835.0,11835.0,11834.0,11834.0,1232784422570,104171220,1698,11821.0,11835.0
139,2024-07-08,11847.0,11864.0,11847.0,11847.0,378857557795,31977902,792,11834.0,11854.0
140,2024-07-09,11861.0,11861.0,11860.0,11861.0,980070215779,82632621,1749,11847.0,11861.0
141,2024-07-10,11874.0,11878.0,11873.0,11874.0,382322993045,32198073,1464,11861.0,11873.0
142,2024-07-13,11886.0,11887.0,11886.0,11886.0,1252773408309,105397679,1285,11874.0,11887.0
143,2024-07-14,11912.0,11913.0,11912.0,11912.0,843613495697,70819296,843,11886.0,11913.0
144,2024-07-17,11939.0,11939.0,11938.0,11938.0,697440968555,58421156,702,11912.0,11939.0
145,2024-07-20,11952.0,11953.0,11951.0,11951.0,1923060907986,160910946,1046,11938.0,11951.0
146,2024-07-21,11965.0,11965.0,11964.0,11964.0,1060626463504,88650516,957,11951.0,11965.0
147,2024-07-22,11978.0,11978.0,11977.0,11977.0,952603564670,79533635,870,11964.0,11977.0
148,2024-07-23,11990.0,11991.0,11990.0,11990.0,1662257510572,138635135,1037,11977.0,11991.0
149,2024-07-24,12004.0,12004.0,12003.0,12003.0,1897477254213,158079924,884,11990.0,12004.0
150,2024-07-27,12017.0,12017.0,12016.0,12016.0,1621588841505,134950822,1365,12003.0,12017.0
151,2024-07-29,12044.0,12044.0,12043.0,12043.0,1961459964433,162868103,1371,12016.0,12044.0
152,2024-07-30,12057.0,12057.0,12056.0,12056.0,1696750040683,140736733,1005,12043.0,12057.0
153,2024-07-31,12069.0,12070.0,12069.0,12069.0,1854500659001,153656085,1057,12056.0,12069.0
154,2024-08-03,12082.0,12083.0,12082.0,12082.0,1719393433626,142308410,1287,12069.0,12083.0
155,2024-08-04,12095.0,12096.0,12095.0,12095.0,1121315518845,92706792,883,12082.0,12096.0
156,2024-08-05,12109.0,12110.0,12109.0,12109.0,1547484828474,127791988,1187,12095.0,12110.0
157,2024-08-06,12122.0,12123.0,12122.0,12122.0,1431310650304,118072582,852,12109.0,12123.0
158,2024-08-10,12149.0,12149.0,12148.0,12148.0,2947620494142,242640008,1266,12122.0,12149.0
159,2024-08-11,12163.0,12163.0,12162.0,12162.0,2564668822642,210873058,1040,12148.0,12163.0
160,2024-08-12,12175.0,12176.0,12175.0,12175.0,1333431558573,109517767,1012,12162.0,12176.0
161,2024-08-13,12188.0,12189.0,12188.0,12188.0,1797231380043,147455410,991,12175.0,12188.0
162,2024-08-14,12202.0,12206.0,12202.0,12202.0,914740216083,74964029,888,12188.0,12202.0
163,2024-08-17,12215.0,12223.0,12215.0,12216.0,764258206285,62563728,1054,12202.0,12223.0
164,2024-08-18,12230.0,12239.0,12229.0,12231.0,258535853716,21137332,684,12216.0,12237.0
165,2024-08-19,12243.0,12247.0,12242.0,12242.0,956546945182,78134665,915,12231.0,12247.0
166,2024-08-20,12226.0,12256.0,12226.0,12255.0,1140431339989,93058275,788,12242.0,12256.0
167,2024-08-21,12269.0,12270.0,12269.0,12269.0,1136204868131,92606594,1036,12255.0,12270.0
168,2024-08-24,12289.0,12290.0,12289.0,12289.0,1957325608810,159271802,1170,12269.0,12289.0
169,2024-08-26,12309.0,12310.0,12309.0,12309.0,1781617102734,144738013,1183,12289.0,12310.0
170,2024-08-27,12322.0,12323.0,12322.0,12322.0,1480002703665,120108516,1203,12309.0,12322.0
171,2024-08-28,12336.0,12337.0,12336.0,12337.0,1214775203872,98469885,1013,12322.0,12337.0
172,2024-08-31,12349.0,12350.0,12349.0,12349.0,1960078842206,158720752,1313,12337.0,12349.0
173,2024-09-01,12369.0,12370.0,12369.0,12369.0,1405661264669,113639564,1006,12349.0,12370.0
174,2024-09-03,12398.0,12398.0,12397.0,12397.0,1297578102385,104665723,922,12369.0,12397.0
175,2024-09-07,12417.0,12418.0,12417.0,12417.0,1283800103006,103389121,1031,12397.0,12418.0
176,2024-09-08,12431.0,12432.0,12431.0,12431.0,830816747318,66833344,949,12417.0,12432.0
177,2024-09-09,12444.0,12445.0,12444.0,12444.0,859350635377,69054688,861,12431.0,12444.0
178,2024-09-10,12458.0,12459.0,12458.0,12458.0,724248492296,58133918,776,12444.0,12458.0
179,2024-09-11,12472.0,12473.0,12472.0,12472.0,769199266960,61673068,679,12458.0,12473.0
180,2024-09-14,12485.0,12486.0,12485.0,12485.0,1024180667952,82032309,1043,12472.0,12485.0
181,2024-09-15,12499.0,12500.0,12499.0,12499.0,1724455877944,137963724,758,12485.0,12500.0
182,2024-09-16,12514.0,12514.0,12513.0,12513.0,5483218896726,438195545,1219,12499.0,12514.0
183,2024-09-17,12526.0,12527.0,12526.0,12526.0,4219600848933,336865949,1163,12513.0,12527.0
184,2024-09-18,12547.0,12548.0,12547.0,12547.0,1500340939788,119575166,878,12526.0,12548.0
185,2024-09-22,12567.0,12568.0,12567.0,12567.0,2037647854546,162139005,1338,12547.0,12568.0
186,2024-09-23,12582.0,12582.0,12581.0,12581.0,1199811187785,95365062,1121,12567.0,12581.0
187,2024-09-24,12595.0,12596.0,12595.0,12595.0,2746607803517,218064913,1356,12581.0,12596.0
188,2024-09-25,12610.0,12610.0,12609.0,12609.0,2937308829506,232949240,1378,12595.0,12610.0
189,2024-09-28,12623.0,12624.0,12623.0,12623.0,2467504740562,195473171,1312,12609.0,12623.0
190,2024-09-29,12637.0,12637.0,12636.0,12636.0,1597171885389,126393908,978,12623.0,12637.0
191,2024-09-30,12650.0,12651.0,12650.0,12650.0,1024435677427,80981765,1036,12636.0,12650.0
192,2024-10-01,12665.0,12665.0,12663.0,12664.0,1502732679028,118659092,830,12650.0,12665.0
193,2024-10-02,12678.0,12679.0,12677.0,12678.0,1130434718606,89162858,907,12664.0,12679.0
194,2024-10-05,12692.0,12693.0,12692.0,12692.0,1621150723864,127728742,1295,12678.0,12692.0
195,2024-10-06,12707.0,12707.0,12706.0,12706.0,1506593675858,118572270,861,12692.0,12707.0
196,2024-10-07,12720.0,12721.0,12720.0,12720.0,1622964889755,127589729,883,12706.0,12720.0
197,2024-10-08,12734.0,12734.0,12733.0,12733.0,2398819389259,188388302,1303,12720.0,12733.0
198,2024-10-09,12747.0,12748.0,12746.0,12747.0,2274335578861,178419613,889,12733.0,12747.0
199,2024-10-12,12761.0,12762.0,12761.0,12761.0,3949004376175,309456829,1378,12747.0,12761.0
200,2024-10-13,12776.0,12776.0,12775.0,12775.0,3590578085578,281059406,1122,12761.0,12775.0
201,2024-10-14,12789.0,12790.0,12789.0,12789.0,1625198563926,127074291,1303,12775.0,12790.0
202,2024-10-15,12803.0,12804.0,12802.0,12803.0,2206798335715,172363214,914,12789.0,12803.0
203,2024-10-16,12818.0,12819.0,12818.0,12818.0,1299989749111,101417346,1175,12803.0,12819.0
204,2024-10-19,12832.0,12833.0,12832.0,12832.0,2107596910991,164244000,1407,12818.0,12833.0
205,2024-10-20,12847.0,12847.0,12846.0,12846.0,3175255404378,247176872,1082,12832.0,12847.0
206,2024-10-21,12860.0,12861.0,12860.0,12860.0,1979864034452,153953979,1008,12846.0,12860.0
207,2024-10-22,12875.0,12876.0,12875.0,12875.0,2093994923817,162637913,1150,12860.0,12875.0
208,2024-10-23,12890.0,12890.0,12889.0,12889.0,1842686992386,142964233,1028,12875.0,12890.0
209,2024-10-26,12903.0,12904.0,12903.0,12903.0,2752924522539,213353294,1656,12889.0,12903.0
210,2024-10-27,12919.0,12919.0,12918.0,12918.0,2028266298346,157005275,1285,12903.0,12919.0
211,2024-10-28,12932.0,12933.0,12932.0,12932.0,2630794364971,203431295,1054,12918.0,12932.0
212,2024-10-29,12946.0,12947.0,12946.0,12946.0,2279735282052,176093992,1105,12932.0,12946.0
213,2024-10-30,12962.0,12962.0,12961.0,12961.0,1556719922185,120105922,1028,12946.0,12962.0
214,2024-11-02,12975.0,12976.0,12975.0,12975.0,3879928481694,299029310,1414,12961.0,12976.0
215,2024-11-03,12989.0,12990.0,12989.0,12989.0,3741668507182,288060369,1060,12975.0,12989.0
216,2024-11-04,13004.0,13005.0,13004.0,13004.0,2891228178521,222331449,1063,12989.0,13004.0
217,2024-11-05,13018.0,13019.0,13018.0,13018.0,2317645536149,178030921,957,13004.0,13018.0
218,2024-11-06,13033.0,13034.0,13026.0,13032.0,4121998829084,316287528,1332,13018.0,13033.0
219,2024-11-09,13047.0,13048.0,13047.0,13047.0,3143666976297,240947127,1334,13032.0,13047.0
220,2024-11-10,13061.0,13062.0,13060.0,13061.0,3594586856819,275212062,1310,13047.0,13061.0
221,2024-11-11,13076.0,13077.0,13076.0,13076.0,4218726981493,322628836,1449,13061.0,13076.0
222,2024-11-12,13090.0,13091.0,13090.0,13090.0,4422665464603,337859409,1669,13076.0,13091.0
223,2024-11-13,13105.0,13106.0,13105.0,13105.0,3307313284631,252367648,1164,13090.0,13106.0
224,2024-11-16,13119.0,13120.0,13119.0,13119.0,3822056146735,291335572,1630,13105.0,13119.0
225,2024-11-17,13134.0,13135.0,13134.0,13134.0,1609864936506,122569659,977,13119.0,13135.0
226,2024-11-18,13149.0,13150.0,13149.0,13149.0,3246599972550,246904310,1541,13134.0,13149.0
227,2024-11-19,13163.0,13164.0,13163.0,13163.0,3546847553689,269452194,1348,13149.0,13163.0
228,2024-11-20,13178.0,13179.0,13178.0,13178.0,3277995546437,248741339,1414,13163.0,13179.0
229,2024-11-23,13192.0,13193.0,13190.0,13192.0,3243108443041,245837416,1631,13178.0,13192.0
230,2024-11-24,13207.0,13208.0,13207.0,13207.0,2668494505920,202047184,1548,13192.0,13207.0
231,2024-11-25,13222.0,13223.0,13222.0,13222.0,2979036472850,225305872,1342,13207.0,13222.0
232,2024-11-26,13236.0,13237.0,13236.0,13236.0,3914543240545,295745667,1726,13222.0,13237.0
233,2024-11-27,13251.0,13252.0,13251.0,13251.0,2907171548385,219389766,1177,13236.0,13251.0
234,2024-11-30,13266.0,13267.0,13261.0,13264.0,4128116675739,311220819,1422,13251.0,13266.0
235,2024-12-01,13280.0,13281.0,13275.0,13280.0,1429518304213,107645751,824,13264.0,13281.0
236,2024-12-02,13295.0,13296.0,13290.0,13294.0,4045800020923,304336875,1807,13280.0,13296.0
237,2024-12-03,13310.0,13311.0,13310.0,13310.0,3289656834454,247151629,1338,13294.0,13310.0
238,2024-12-04,13325.0,13326.0,13325.0,13325.0,1608154673682,120684941,1768,13310.0,13326.0
239,2024-12-07,13340.0,13340.0,13336.0,13339.0,3312297331297,248315891,1856,13325.0,13339.0
240,2024-12-08,13355.0,13355.0,13350.0,13354.0,1638133527290,122671098,1417,13339.0,13354.0
241,2024-12-09,13370.0,13370.0,13369.0,13369.0,1879067143894,140552100,1512,13354.0,13369.0
242,2024-12-10,13384.0,13385.0,13384.0,13384.0,3082672946111,230323321,1110,13369.0,13385.0
243,2024-12-11,13399.0,13400.0,13399.0,13399.0,1870449959569,139594385,1051,13384.0,13399.0
244,2024-12-14,13415.0,13415.0,13414.0,13414.0,3915704070422,291909671,2425,13399.0,13414.0
245,2024-12-15,13428.0,13429.0,13427.0,13428.0,3218272691092,239663001,1865,13414.0,13428.0
246,2024-12-16,13443.0,13444.0,13439.0,13443.0,6202687586934,461406185,1507,13428.0,13443.0
247,2024-12-17,13459.0,13459.0,13458.0,13458.0,3880323184692,288327484,1758,13443.0,13458.0
248,2024-12-18,13473.0,13474.0,13465.0,13471.0,5520108753456,409767512,1921,13458.0,13474.0
249,2024-12-21,13488.0,13489.0,13482.0,13488.0,2829356725032,209767295,1433,13471.0,13488.0
250,2024-12-22,13504.0,13504.0,13503.0,13503.0,2212300375236,163833736,1012,13488.0,13504.0
251,2024-12-23,13518.0,13519.0,13518.0,13518.0,2199795383977,162728880,1534,13503.0,13518.0
252,2024-12-24,13533.0,13534.0,13533.0,13533.0,2420870921410,178883590,1355,13518.0,13534.0
253,2024-12-25,13548.0,13559.0,13538.0,13548.0,4741916896810,349996127,1158,13533.0,13548.0
254,2024-12-28,13564.0,13564.0,13548.0,13563.0,5037362957112,371404622,1685,13548.0,13564.0
255,2024-12-29,13578.0,13579.0,13572.0,13578.0,3814010692452,280895342,1459,13563.0,13578.0
256,2024-12-30,13593.0,13596.0,13585.0,13593.0,2927486366248,215361946,1274,13578.0,13593.0
257,2024-12-31,13608.0,13609.0,13600.0,13608.0,3585375313721,263477265,1392,13593.0,13608.0
258,2025-01-01,13623.0,13624.0,13623.0,13623.0,2048255275597,150348365,1900,13608.0,13624.0
259,2025-01-04,13640.0,13641.0,13635.0,13640.0,4507591175878,330468638,1736,13623.0,13640.0
260,2025-01-05,13656.0,13656.0,13655.0,13655.0,2464776973208,180499205,1361,13640.0,13655.0
261,2025-01-06,13670.0,13671.0,13668.0,13670.0,3669679822309,268445400,1044,13655.0,13671.0
262,2025-01-07,13685.0,13686.0,13680.0,13685.0,4613088667445,337092645,1287,13670.0,13686.0
263,2025-01-08,13702.0,13703.0,13697.0,13702.0,3600401682730,262768188,1629,13685.0,13703.0
264,2025-01-11,13719.0,13720.0,13719.0,13719.0,2981358731170,217314673,1478,13702.0,13720.0
265,2025-01-12,13735.0,13735.0,13729.0,13734.0,1637410630799,119222066,1254,13719.0,13734.0
266,2025-01-13,13756.0,13757.0,13749.0,13756.0,2852465719465,207364623,1857,13734.0,13757.0
267,2025-01-15,13781.0,13782.0,13770.0,13781.0,2246499243951,163012386,1417,13756.0,13781.0
268,2025-01-18,13798.0,13799.0,13796.0,13798.0,3561023613279,258080697,1406,13781.0,13799.0
269,2025-01-19,13813.0,13814.0,13800.0,13813.0,2997924942201,217034964,1367,13798.0,13813.0
270,2025-01-20,13828.0,13829.0,13826.0,13828.0,2093701169828,151409694,1173,13813.0,13828.0
271,2025-01-21,13843.0,13844.0,13843.0,13843.0,2930206304236,211672353,1233,13828.0,13843.0
272,2025-01-22,13860.0,13861.0,13860.0,13860.0,3617260186781,260979628,1659,13843.0,13860.0
273,2025-01-25,13877.0,13878.0,13877.0,13877.0,4120887292541,296954662,1595,13860.0,13878.0
274,2025-01-26,13892.0,13893.0,13891.0,13892.0,3015290829193,217049688,1076,13877.0,13892.0
275,2025-01-27,13914.0,13915.0,13912.0,13914.0,4010105043648,288204473,1410,13892.0,13914.0
276,2025-01-29,13939.0,13940.0,13939.0,13939.0,3680814475582,264062982,2040,13914.0,13940.0
277,2025-02-01,13956.0,13957.0,13956.0,13956.0,3873194984584,277526664,1513,13939.0,13957.0
278,2025-02-02,13971.0,13972.0,13965.0,13971.0,2499156841276,178881407,1244,13956.0,13972.0
279,2025-02-03,13986.0,13987.0,13980.0,13986.0,2874943853720,205559991,1195,13971.0,13987.0
280,2025-02-04,14001.0,14002.0,14001.0,14001.0,3429517126949,244944631,1264,13986.0,14001.0
281,2025-02-05,14018.0,14019.0,14018.0,14018.0,2388724175998,170403031,1657,14001.0,14018.0
282,2025-02-09,14057.0,14058.0,14057.0,14057.0,5262995373196,374398787,2071,14018.0,14057.0
283,2025-02-11,14080.0,14081.0,14080.0,14080.0,3933646597070,279376345,1727,14057.0,14081.0
284,2025-02-15,14114.0,14115.0,14114.0,14114.0,3402388041994,241063216,1718,14080.0,14114.0
285,2025-02-16,14129.0,14155.0,14114.0,14131.0,7154395903888,506288326,1734,14114.0,14130.0
286,2025-02-17,14144.0,14145.0,14142.0,14144.0,2544669912426,179913015,1652,14131.0,14145.0
287,2025-02-18,14159.0,14160.0,14149.0,14159.0,3566158084481,251867102,1294,14144.0,14159.0
288,2025-02-19,14176.0,14177.0,14171.0,14176.0,5255596105073,370742177,1637,14159.0,14177.0
289,2025-02-22,14193.0,14194.0,14178.0,14193.0,4731165829135,333346413,1647,14176.0,14194.0
290,2025-02-23,14208.0,14209.0,14194.0,14208.0,4424751612423,311425013,1430,14193.0,14208.0
291,2025-02-24,14223.0,14224.0,14214.0,14223.0,2675531803687,188114576,1210,14208.0,14224.0
292,2025-02-25,14238.0,14239.0,14238.0,14238.0,3350224893744,235298960,1548,14223.0,14239.0
293,2025-02-26,14255.0,14256.0,14250.0,14255.0,2760617858907,193658970,1721,14238.0,14256.0
294,2025-03-01,14272.0,14273.0,14267.0,14272.0,2318765735798,162471982,1588,14255.0,14272.0
295,2025-03-02,14287.0,14288.0,14282.0,14287.0,2008687355870,140597840,1194,14272.0,14287.0
296,2025-03-03,14303.0,14304.0,14303.0,14303.0,3469157938407,242544750,1119,14287.0,14304.0
297,2025-03-04,14319.0,14320.0,14319.0,14319.0,2322168180270,162172886,1270,14303.0,14320.0
298,2025-03-05,14336.0,14337.0,14331.0,14335.0,1503724974220,104895195,1150,14319.0,14337.0
299,2025-03-08,14353.0,14354.0,14348.0,14353.0,3750596450814,261313130,1450,14335.0,14353.0
300,2025-03-09,14370.0,14371.0,14364.0,14369.0,2817136244241,196050092,1489,14353.0,14370.0
301,2025-03-10,14387.0,14388.0,14385.0,14387.0,2518396708607,175045338,1495,14369.0,14387.0
302,2025-03-11,14404.0,14405.0,14404.0,14404.0,2028245370632,140809781,1240,14387.0,14405.0
303,2025-03-12,14421.0,14422.0,14419.0,14421.0,3175595904287,220205464,1475,14404.0,14422.0
304,2025-03-15,14438.0,14439.0,14438.0,14438.0,4701404825762,325625744,1737,14421.0,14439.0
305,2025-03-16,14455.0,14456.0,14455.0,14455.0,4021346788093,278195871,1306,14438.0,14456.0
306,2025-03-17,14473.0,14473.0,14470.0,14472.0,3327350014675,229913260,1752,14455.0,14473.0
307,2025-03-18,14523.0,14524.0,14523.0,14524.0,7398861603024,509432962,2272,14472.0,14524.0
308,2025-03-25,14574.0,14576.0,14574.0,14574.0,4379778571684,300513314,1625,14524.0,14574.0
309,2025-03-26,14591.0,14592.0,14587.0,14591.0,2963234519600,203092095,1331,14574.0,14591.0
310,2025-03-29,14608.0,14609.0,14608.0,14608.0,2946928835170,201732835,1509,14591.0,14609.0
311,2025-03-30,14650.0,14651.0,14650.0,14650.0,5964763167521,407142621,1395,14608.0,14651.0
312,2025-04-05,14693.0,14708.0,14693.0,14694.0,4974586648622,338553299,1541,14650.0,14693.0
313,2025-04-06,14710.0,14711.0,14710.0,14710.0,3732926957400,253765958,1301,14694.0,14710.0
314,2025-04-07,14727.0,14728.0,14727.0,14727.0,2241869578932,152227276,992,14710.0,14728.0
315,2025-04-08,14744.0,14745.0,14744.0,14744.0,3412069351978,231418874,1420,14727.0,14744.0
316,2025-04-09,14761.0,14762.0,14761.0,14761.0,3268841085094,221448707,1329,14744.0,14761.0
317,2025-04-12,14778.0,14779.0,14778.0,14778.0,2948605850607,199524391,1109,14761.0,14779.0
318,2025-04-13,14795.0,14796.0,14795.0,14795.0,2437410570033,164742902,1448,14778.0,14795.0
319,2025-04-14,14812.0,14813.0,14812.0,14812.0,2701842754843,182407566,1675,14795.0,14813.0
320,2025-04-15,14829.0,14830.0,14829.0,14829.0,2588163775657,174531751,1276,14812.0,14829.0
321,2025-04-16,14846.0,14847.0,14846.0,14846.0,1988533731250,133942040,1098,14829.0,14846.0
322,2025-04-19,14863.0,14864.0,14863.0,14863.0,6133082009014,412639740,1433,14846.0,14863.0
323,2025-04-20,14880.0,14881.0,14880.0,14880.0,1574079570267,105783220,1167,14863.0,14880.0
324,2025-04-21,14897.0,14898.0,14897.0,14897.0,4883913274102,327842887,1293,14880.0,14898.0
325,2025-04-22,14914.0,14915.0,14914.0,14914.0,3688928660712,247342366,1235,14897.0,14915.0
326,2025-04-23,14932.0,14933.0,14932.0,14932.0,3675929143175,246176284,1184,14914.0,14933.0
327,2025-04-26,14950.0,14951.0,14950.0,14950.0,2074088783613,138733257,1044,14932.0,14951.0
328,2025-04-27,14968.0,14969.0,14968.0,14968.0,2183184761235,145854054,975,14950.0,14968.0
329,2025-04-28,14986.0,14986.0,14985.0,14985.0,1966208349831,131209258,928,14968.0,14986.0
330,2025-04-29,15003.0,15004.0,15003.0,15003.0,1942511094722,129473063,897,14985.0,15004.0
331,2025-04-30,15021.0,15022.0,15021.0,15021.0,3483056372624,231877191,1136,15003.0,15022.0
332,2025-05-03,15040.0,15040.0,15039.0,15039.0,3984705560084,264955332,7023,15021.0,15039.0
333,2025-05-04,15056.0,15057.0,15056.0,15056.0,3898909939269,258958104,1027,15039.0,15056.0
334,2025-05-05,15074.0,15075.0,15074.0,15074.0,3914162584287,259659842,1119,15056.0,15074.0
335,2025-05-06,15092.0,15093.0,15092.0,15092.0,3992939475642,264572458,1142,15074.0,15092.0
336,2025-05-07,15110.0,15111.0,15110.0,15110.0,3152148006587,208607585,1067,15092.0,15111.0
337,2025-05-10,15128.0,15129.0,15128.0,15128.0,4146880749533,274116560,1008,15110.0,15129.0
338,2025-05-11,15146.0,15147.0,15146.0,15146.0,5957279113693,393320879,1074,15128.0,15147.0
339,2025-05-12,15146.0,15165.0,15146.0,15164.0,3505816929181,231193457,1067,15146.0,15164.0
340,2025-05-13,15182.0,15183.0,15182.0,15182.0,2811992985632,185217391,1129,15164.0,15182.0
341,2025-05-14,15199.0,15200.0,15199.0,15199.0,1881261633934,123772435,1043,15182.0,15199.0
342,2025-05-17,15218.0,15218.0,15217.0,15217.0,3352509660259,220312795,1222,15199.0,15218.0
343,2025-05-18,15235.0,15236.0,15235.0,15235.0,3313191287278,217469560,1104,15217.0,15235.0
344,2025-05-19,15253.0,15254.0,15251.0,15253.0,2410760798335,158051067,1052,15235.0,15253.0
345,2025-05-20,15272.0,15273.0,15272.0,15272.0,5362624100032,351139686,1431,15253.0,15272.0
346,2025-05-21,16286.0,15291.0,15290.0,15290.0,3767900082616,246427112,1502,15272.0,15290.0
347,2025-05-24,15308.0,15309.0,15308.0,15308.0,4288632293331,280154889,1545,15290.0,15308.0
348,2025-05-25,15326.0,15327.0,15326.0,15326.0,2659654889503,173535276,1036,15308.0,15326.0
349,2025-05-26,15344.0,15345.0,15334.0,15342.0,2608151436122,169999072,1189,15326.0,15344.0
350,2025-05-27,15362.0,15363.0,15357.0,15361.0,2936248459667,191146803,963,15342.0,15362.0
351,2025-05-28,15380.0,15381.0,15380.0,15380.0,2028675586565,131902321,1029,15361.0,15380.0
352,2025-05-31,15398.0,15409.0,15398.0,15400.0,3401097129535,220851052,1144,15380.0,15399.0
353,2025-06-01,15417.0,15418.0,15417.0,15417.0,3141394514692,203757896,1117,15400.0,15417.0
354,2025-06-02,15435.0,15436.0,15435.0,15435.0,1782547443090,115485652,968,15417.0,15436.0
355,2025-06-03,15462.0,15463.0,15462.0,15462.0,3561823870929,230352585,1241,15435.0,15462.0
356,2025-06-07,15490.0,15491.0,15490.0,15490.0,3354569301743,216561924,1333,15462.0,15490.0
357,2025-06-08,15508.0,15509.0,15508.0,15508.0,2123616307476,136935580,1215,15490.0,15508.0
358,2025-06-09,15526.0,15527.0,15526.0,15526.0,3132779592368,201774953,1219,15508.0,15526.0
359,2025-06-10,15545.0,15546.0,15545.0,15545.0,4419539488447,284305053,1313,15526.0,15546.0
360,2025-06-11,15572.0,15573.0,15568.0,15572.0,4431117762069,284562123,1110,15545.0,15573.0
361,2025-06-21,15596.0,15597.0,15452.0,15586.0,11436633260855,733758290,2559,15572.0,15585.0
362,2025-06-22,15603.0,15603.0,15600.0,15600.0,2622621992299,168115528,700,15586.0,15600.0
363,2025-06-23,15613.0,15614.0,15613.0,15613.0,3037933754933,194577131,511,15600.0,15613.0
364,2025-06-24,15626.0,15627.0,15624.0,15626.0,2848089781667,182266644,431,15613.0,15626.0
365,2025-06-25,15648.0,15649.0,15648.0,15649.0,878466663388,56136690,262,15626.0,15648.0
366,2025-06-28,15674.0,15675.0,15659.0,15667.0,4670041996039,298080956,988,15649.0,15674.0
367,2025-06-29,15697.0,15697.0,15691.0,15694.0,3926021122661,250153405,1073,15667.0,15696.0
368,2025-06-30,15717.0,15718.0,15717.0,15717.0,3012273629028,191655399,904,15694.0,15717.0
369,2025-07-01,15739.0,15739.0,15731.0,15738.0,2775324052155,176342893,1037,15717.0,15739.0
370,2025-07-02,15783.0,15783.0,15777.0,15782.0,6130713298891,388467229,1122,15738.0,15783.0
371,2025-07-07,15827.0,15827.0,15826.0,15826.0,4992092469315,315431230,1190,15782.0,15827.0
372,2025-07-08,15848.0,15849.0,15848.0,15848.0,3624075905849,228675854,949,15826.0,15848.0
373,2025-07-09,15870.0,15871.0,15863.0,15869.0,5118755505769,322572979,1106,15848.0,15870.0
374,2025-07-12,15892.0,15893.0,15887.0,15892.0,3928949580742,247228393,1009,15869.0,15892.0
375,2025-07-13,15915.0,15915.0,15914.0,15914.0,5729233876055,360008503,1051,15892.0,15914.0
376,2025-07-14,15936.0,15937.0,15936.0,15936.0,4388835502331,275401051,962,15914.0,15937.0
377,2025-07-15,15958.0,15959.0,15954.0,15958.0,2243408141822,140582639,844,15936.0,15958.0
378,2025-07-16,15980.0,15981.0,15980.0,15980.0,4302612191623,269247918,790,15958.0,15981.0
379,2025-07-19,16002.0,16003.0,15996.0,16001.0,4262779576478,266402458,915,15980.0,16002.0
380,2025-07-20,16024.0,16025.0,16020.0,16024.0,3373463107479,210525889,826,16001.0,16024.0
381,2025-07-21,16046.0,16047.0,16039.0,16046.0,4621153020487,287993394,966,16024.0,16046.0
382,2025-07-22,16069.0,16069.0,16058.0,16067.0,3400048547443,211618916,888,16046.0,16068.0
383,2025-07-23,16090.0,16091.0,16090.0,16090.0,3459811341669,215025014,941,16067.0,16090.0
384,2025-07-26,16112.0,16113.0,16112.0,16112.0,3303162215142,205009156,1323,16090.0,16113.0
385,2025-07-27,16134.0,16135.0,16119.0,16132.0,4284712982099,265603829,1275,16112.0,16134.0
386,2025-07-28,16157.0,16157.0,16136.0,16155.0,5445242230245,337071215,1321,16132.0,16156.0
387,2025-07-29,16179.0,16179.0,16178.0,16178.0,5375211810044,332251357,1370,16155.0,16178.0
388,2025-07-30,16200.0,16201.0,16191.0,16200.0,4401836208370,271724138,1132,16178.0,16200.0
